,gamma,beta,rho,MaxVNE
0,1.0,1.0,0.1,0.8965926789745844
1,1.0,1.0,0.2,0.8851533018107051
2,1.0,1.0,0.3,0.8758475370608606
3,1.0,1.0,0.4,0.8859452338145054
4,1.0,1.0,0.5,0.8846649369442786
5,1.0,1.0,0.6,0.8879974235108311
6,1.0,1.0,0.7,0.8887844628098628
7,1.0,1.0,0.8,0.8950659377843561
8,1.0,1.0,0.82,0.8679853550819865
9,1.0,1.0,0.84,0.8912489815183993
10,1.0,1.0,0.86,0.8769278948721595
11,1.0,1.0,0.88,0.8705891821057329
12,1.0,1.0,0.9,0.8676078260519289
13,1.0,1.0,0.92,0.8736638644394303
14,1.0,1.0,0.94,0.8815445853017632
15,1.0,1.0,0.96,0.8722190399572302
16,1.0,1.0,0.98,0.887054636201599
17,1.0,1.0,0.99,0.8803524521169869
18,1.0,1.0,0.999,0.8917199684669558
19,1.0,1.0,0.9999,0.8974846900216167
20,1.0,1.0,1.0,0.8947040754536596
21,1.0,2.0,0.1,0.7923074500796708
22,1.0,2.0,0.2,0.8127621895614394
23,1.0,2.0,0.3,0.792218204093934
24,1.0,2.0,0.4,0.7751406885762562
25,1.0,2.0,0.5,0.782874880638207
26,1.0,2.0,0.6,0.785224249634631
27,1.0,2.0,0.7,0.7719615856102329
28,1.0,2.0,0.8,0.777971000776609
29,1.0,2.0,0.82,0.7850156917244465
30,1.0,2.0,0.84,0.7854734273845584
31,1.0,2.0,0.86,0.7671704861923896
32,1.0,2.0,0.88,0.7734333069608234
33,1.0,2.0,0.9,0.7678519958881086
34,1.0,2.0,0.92,0.7679939481345757
35,1.0,2.0,0.94,0.7812821805122954
36,1.0,2.0,0.96,0.7663455447984129
37,1.0,2.0,0.98,0.7974487393042003
38,1.0,2.0,0.99,0.8014596076113768
39,1.0,2.0,0.999,0.8199541397993669
40,1.0,2.0,0.9999,0.8320508982728261
41,1.0,2.0,1.0,0.8259912513837019
42,1.0,3.0,0.1,0.7242171039135098
43,1.0,3.0,0.2,0.7129302303849223
44,1.0,3.0,0.3,0.7032561256808458
45,1.0,3.0,0.4,0.709005492574994
46,1.0,3.0,0.5,0.7001402675478948
47,1.0,3.0,0.6,0.7204863075039428
48,1.0,3.0,0.7,0.7021153718830246
49,1.0,3.0,0.8,0.695968347626107
50,1.0,3.0,0.82,0.7044883609806801
51,1.0,3.0,0.84,0.7142408976172244
52,1.0,3.0,0.86,0.7078002132124336
53,1.0,3.0,0.88,0.6875215448680019
54,1.0,3.0,0.9,0.701978218659658
55,1.0,3.0,0.92,0.717264126322621
56,1.0,3.0,0.94,0.679343325775569
57,1.0,3.0,0.96,0.7015908891934648
58,1.0,3.0,0.98,0.7184407701752978
59,1.0,3.0,0.99,0.7330623955829212
60,1.0,3.0,0.999,0.7377143086309995
61,1.0,3.0,0.9999,0.7486752266405968
62,1.0,3.0,1.0,0.7389037872219573
63,1.0,4.0,0.1,0.6528668255679937
64,1.0,4.0,0.2,0.6251138258950392
65,1.0,4.0,0.3,0.6319333988737683
66,1.0,4.0,0.4,0.6030606528166553
67,1.0,4.0,0.5,0.62201102599627
68,1.0,4.0,0.6,0.6497083049723422
69,1.0,4.0,0.7,0.6335674337948022
70,1.0,4.0,0.8,0.6354128061814297
71,1.0,4.0,0.82,0.6211362212018615
72,1.0,4.0,0.84,0.637798248714664
73,1.0,4.0,0.86,0.6429418100692301
74,1.0,4.0,0.88,0.6434169698581523
75,1.0,4.0,0.9,0.6237337479376102
76,1.0,4.0,0.92,0.6510570913633922
77,1.0,4.0,0.94,0.641534637611199
78,1.0,4.0,0.96,0.6483383568586817
79,1.0,4.0,0.98,0.6780228400121794
80,1.0,4.0,0.99,0.672027146474963
81,1.0,4.0,0.999,0.710231826525401
82,1.0,4.0,0.9999,0.7231079514094778
83,1.0,4.0,1.0,0.7001073907786431
84,1.0,5.0,0.1,0.6089608709272865
85,1.0,5.0,0.2,0.6013996650593676
86,1.0,5.0,0.3,0.606804468159295
87,1.0,5.0,0.4,0.5735349904106988
88,1.0,5.0,0.5,0.5901430488032632
89,1.0,5.0,0.6,0.5995597931585126
90,1.0,5.0,0.7,0.5995854545948146
91,1.0,5.0,0.8,0.5940970867100722
92,1.0,5.0,0.82,0.6047532884999772
93,1.0,5.0,0.84,0.6008829943703781
94,1.0,5.0,0.86,0.5858325682697303
95,1.0,5.0,0.88,0.6101808536273856
96,1.0,5.0,0.9,0.5979600237148021
97,1.0,5.0,0.92,0.5994547368128901
98,1.0,5.0,0.94,0.5965526793969155
99,1.0,5.0,0.96,0.5974584471230291
100,1.0,5.0,0.98,0.6263077433934549
101,1.0,5.0,0.99,0.6361591829081346
102,1.0,5.0,0.999,0.66238354717847
103,1.0,5.0,0.9999,0.6580552213650187
104,1.0,5.0,1.0,0.65618944885897
105,1.0,6.0,0.1,0.5460312980413934
106,1.0,6.0,0.2,0.5358326053258561
107,1.0,6.0,0.3,0.5278639043275319
108,1.0,6.0,0.4,0.5220315910238256
109,1.0,6.0,0.5,0.5125870208176195
110,1.0,6.0,0.6,0.5283279911679812
111,1.0,6.0,0.7,0.5121110058075479
112,1.0,6.0,0.8,0.5598896160273308
113,1.0,6.0,0.82,0.5317321408321442
114,1.0,6.0,0.84,0.5457888282754965
115,1.0,6.0,0.86,0.5403876570097804
116,1.0,6.0,0.88,0.5538967326407135
117,1.0,6.0,0.9,0.5378973449481146
118,1.0,6.0,0.92,0.5474717353142609
119,1.0,6.0,0.94,0.5464470042939172
120,1.0,6.0,0.96,0.5560418628835617
121,1.0,6.0,0.98,0.5677259742674903
122,1.0,6.0,0.99,0.5865541559124746
123,1.0,6.0,0.999,0.6090352079680941
124,1.0,6.0,0.9999,0.618718628505859
125,1.0,6.0,1.0,0.5914197466484383
126,1.0,7.0,0.1,0.4430219560073319
127,1.0,7.0,0.2,0.44852321333218376
128,1.0,7.0,0.3,0.4253577595289152
129,1.0,7.0,0.4,0.4401993630868962
130,1.0,7.0,0.5,0.4260678013311718
131,1.0,7.0,0.6,0.4408507908040503
132,1.0,7.0,0.7,0.4282421513945025
133,1.0,7.0,0.8,0.4597429700996017
134,1.0,7.0,0.82,0.46716796504535235
135,1.0,7.0,0.84,0.46483244464168105
136,1.0,7.0,0.86,0.45638756735129227
137,1.0,7.0,0.88,0.44632473993439753
138,1.0,7.0,0.9,0.4481621675066222
139,1.0,7.0,0.92,0.4595577407863413
140,1.0,7.0,0.94,0.4682373055031118
141,1.0,7.0,0.96,0.46243569655378314
142,1.0,7.0,0.98,0.48801823850637777
143,1.0,7.0,0.99,0.5121749162295227
144,1.0,7.0,0.999,0.542181848672289
145,1.0,7.0,0.9999,0.5703644208841315
146,1.0,7.0,1.0,0.5245520436406037
147,1.0,8.0,0.1,0.4159087506082142
148,1.0,8.0,0.2,0.4107097611676611
149,1.0,8.0,0.3,0.408474128518009
150,1.0,8.0,0.4,0.4341792667470389
151,1.0,8.0,0.5,0.4084524982002667
152,1.0,8.0,0.6,0.41446548873104966
153,1.0,8.0,0.7,0.4142194705252146
154,1.0,8.0,0.8,0.4041654632549644
155,1.0,8.0,0.82,0.43561769775055315
156,1.0,8.0,0.84,0.41698142318604436
157,1.0,8.0,0.86,0.42271045153076164
158,1.0,8.0,0.88,0.4390904088550487
159,1.0,8.0,0.9,0.41854930025348375
160,1.0,8.0,0.92,0.4429836985462686
161,1.0,8.0,0.94,0.43647932289525065
162,1.0,8.0,0.96,0.44707137494500826
163,1.0,8.0,0.98,0.4647970149655126
164,1.0,8.0,0.99,0.4532460300481539
165,1.0,8.0,0.999,0.49643093848259584
166,1.0,8.0,0.9999,0.5121057836851719
167,1.0,8.0,1.0,0.4857744009422578
168,1.0,9.0,0.1,0.37132721232210725
169,1.0,9.0,0.2,0.39354286327313615
170,1.0,9.0,0.3,0.36104330805361506
171,1.0,9.0,0.4,0.32380331593855466
172,1.0,9.0,0.5,0.36189895588599685
173,1.0,9.0,0.6,0.32898237672855435
174,1.0,9.0,0.7,0.3586920231129473
175,1.0,9.0,0.8,0.37224286286745634
176,1.0,9.0,0.82,0.36724749141466634
177,1.0,9.0,0.84,0.35249255230370385
178,1.0,9.0,0.86,0.3939146260598981
179,1.0,9.0,0.88,0.38497112744821915
180,1.0,9.0,0.9,0.38002438176273834
181,1.0,9.0,0.92,0.368079906411284
182,1.0,9.0,0.94,0.41406719394573505
183,1.0,9.0,0.96,0.3879190728895763
184,1.0,9.0,0.98,0.4099929241670209
185,1.0,9.0,0.99,0.4176057249283529
186,1.0,9.0,0.999,0.4368236309146998
187,1.0,9.0,0.9999,0.46065975407934223
188,1.0,9.0,1.0,0.4278228378785604
189,1.0,10.0,0.1,0.30215046071872376
190,1.0,10.0,0.2,0.3045881609982554
191,1.0,10.0,0.3,0.27947421287205476
192,1.0,10.0,0.4,0.31305031362968827
193,1.0,10.0,0.5,0.30432016962746894
194,1.0,10.0,0.6,0.3057515540003742
195,1.0,10.0,0.7,0.3158524456946319
196,1.0,10.0,0.8,0.3028566550803681
197,1.0,10.0,0.82,0.29585261400630625
198,1.0,10.0,0.84,0.3199507684585765
199,1.0,10.0,0.86,0.3014129339123586
200,1.0,10.0,0.88,0.3279755910698978
201,1.0,10.0,0.9,0.328963166073577
202,1.0,10.0,0.92,0.3433661181675166
203,1.0,10.0,0.94,0.34740707688312195
204,1.0,10.0,0.96,0.342938056660601
205,1.0,10.0,0.98,0.3719924159103279
206,1.0,10.0,0.99,0.3801239289359544
207,1.0,10.0,0.999,0.3865797531456774
208,1.0,10.0,0.9999,0.3916610008889846
209,1.0,10.0,1.0,0.3696572402279935
210,2.0,1.0,0.1,0.9079675641421873
211,2.0,1.0,0.2,0.9046331542441147
212,2.0,1.0,0.3,0.9043438684260875
213,2.0,1.0,0.4,0.9023668628001326
214,2.0,1.0,0.5,0.901830748213661
215,2.0,1.0,0.6,0.8956922160397406
216,2.0,1.0,0.7,0.8917054240830469
217,2.0,1.0,0.8,0.8890286253083076
218,2.0,1.0,0.82,0.8879260378751713
219,2.0,1.0,0.84,0.9005651582956008
220,2.0,1.0,0.86,0.8867300696911419
221,2.0,1.0,0.88,0.8952879933827574
222,2.0,1.0,0.9,0.8926742355493088
223,2.0,1.0,0.92,0.9016323632959685
224,2.0,1.0,0.94,0.8942971572957987
225,2.0,1.0,0.96,0.8940603918952754
226,2.0,1.0,0.98,0.8983249378443345
227,2.0,1.0,0.99,0.8971426774269072
228,2.0,1.0,0.999,0.9250630636327906
229,2.0,1.0,0.9999,0.9077443494955154
230,2.0,1.0,1.0,0.9119936256199614
231,2.0,2.0,0.1,0.7992132393815742
232,2.0,2.0,0.2,0.7899574912700662
233,2.0,2.0,0.3,0.7990306708014503
234,2.0,2.0,0.4,0.7986046322555852
235,2.0,2.0,0.5,0.7955295460507525
236,2.0,2.0,0.6,0.7798913246409833
237,2.0,2.0,0.7,0.7872261707572118
238,2.0,2.0,0.8,0.7906219539882205
239,2.0,2.0,0.82,0.7915349581526799
240,2.0,2.0,0.84,0.7765339217771573
241,2.0,2.0,0.86,0.7714851526570689
242,2.0,2.0,0.88,0.7620585864482485
243,2.0,2.0,0.9,0.7764117518213782
244,2.0,2.0,0.92,0.7716435870834428
245,2.0,2.0,0.94,0.7587326026788102
246,2.0,2.0,0.96,0.7525542942262764
247,2.0,2.0,0.98,0.7898147966799854
248,2.0,2.0,0.99,0.785117899907566
249,2.0,2.0,0.999,0.8189731447606822
250,2.0,2.0,0.9999,0.8225039171486253
251,2.0,2.0,1.0,0.8243010253360963
252,2.0,3.0,0.1,0.739406814018105
253,2.0,3.0,0.2,0.740628721458935
254,2.0,3.0,0.3,0.7343758274956557
255,2.0,3.0,0.4,0.7308642576619809
256,2.0,3.0,0.5,0.7187872462094637
257,2.0,3.0,0.6,0.7122069875826339
258,2.0,3.0,0.7,0.7235623594614895
259,2.0,3.0,0.8,0.7086466975913788
260,2.0,3.0,0.82,0.7147392879725482
261,2.0,3.0,0.84,0.7087095539333462
262,2.0,3.0,0.86,0.7145571883914779
263,2.0,3.0,0.88,0.7198978551010007
264,2.0,3.0,0.9,0.7174426043842745
265,2.0,3.0,0.92,0.7336117285567735
266,2.0,3.0,0.94,0.7191334835984645
267,2.0,3.0,0.96,0.7408257825810862
268,2.0,3.0,0.98,0.750876438584004
269,2.0,3.0,0.99,0.7599643059553347
270,2.0,3.0,0.999,0.7594993917584252
271,2.0,3.0,0.9999,0.7693362282579107
272,2.0,3.0,1.0,0.7719278379221953
273,2.0,4.0,0.1,0.6576911662955033
274,2.0,4.0,0.2,0.6587224487150409
275,2.0,4.0,0.3,0.6506129175547597
276,2.0,4.0,0.4,0.6497073389131697
277,2.0,4.0,0.5,0.6509881190818501
278,2.0,4.0,0.6,0.6411621981450614
279,2.0,4.0,0.7,0.6413251763809363
280,2.0,4.0,0.8,0.6351081710994909
281,2.0,4.0,0.82,0.6488599158237823
282,2.0,4.0,0.84,0.6340138846923496
283,2.0,4.0,0.86,0.6406169866299529
284,2.0,4.0,0.88,0.6486381912500244
285,2.0,4.0,0.9,0.6486597214107105
286,2.0,4.0,0.92,0.6502684684095938
287,2.0,4.0,0.94,0.6499926800342363
288,2.0,4.0,0.96,0.6409239400641659
289,2.0,4.0,0.98,0.6573808600086176
290,2.0,4.0,0.99,0.6638333797321666
291,2.0,4.0,0.999,0.6504549279698023
292,2.0,4.0,0.9999,0.6626300378050827
293,2.0,4.0,1.0,0.6763607831294438
294,2.0,5.0,0.1,0.5738399823867347
295,2.0,5.0,0.2,0.5388760891038549
296,2.0,5.0,0.3,0.5601410601600485
297,2.0,5.0,0.4,0.5270607694009656
298,2.0,5.0,0.5,0.5351384641285483
299,2.0,5.0,0.6,0.5220766989837107
300,2.0,5.0,0.7,0.5411866649112839
301,2.0,5.0,0.8,0.5441549288932163
302,2.0,5.0,0.82,0.5580089823383595
303,2.0,5.0,0.84,0.5406508819309156
304,2.0,5.0,0.86,0.5528875735549929
305,2.0,5.0,0.88,0.5848176426764652
306,2.0,5.0,0.9,0.573514325850751
307,2.0,5.0,0.92,0.5889087124118262
308,2.0,5.0,0.94,0.5799938531882548
309,2.0,5.0,0.96,0.5931564096723637
310,2.0,5.0,0.98,0.6110499352996178
311,2.0,5.0,0.99,0.6244628213389464
312,2.0,5.0,0.999,0.642930095038681
313,2.0,5.0,0.9999,0.6639405570907503
314,2.0,5.0,1.0,0.6512037461878604
315,2.0,6.0,0.1,0.5853479971199024
316,2.0,6.0,0.2,0.5983205955508257
317,2.0,6.0,0.3,0.5939130767355766
318,2.0,6.0,0.4,0.5938122029946886
319,2.0,6.0,0.5,0.5857332411396832
320,2.0,6.0,0.6,0.5827081592818849
321,2.0,6.0,0.7,0.5715101556267577
322,2.0,6.0,0.8,0.5760425238988589
323,2.0,6.0,0.82,0.5861792037072844
324,2.0,6.0,0.84,0.5949934679538171
325,2.0,6.0,0.86,0.5924446475013208
326,2.0,6.0,0.88,0.5979218438603787
327,2.0,6.0,0.9,0.5935109476940919
328,2.0,6.0,0.92,0.6031361898499614
329,2.0,6.0,0.94,0.6197225404531977
330,2.0,6.0,0.96,0.6190585624018231
331,2.0,6.0,0.98,0.6317163915381837
332,2.0,6.0,0.99,0.6380268743735761
333,2.0,6.0,0.999,0.6411666984389394
334,2.0,6.0,0.9999,0.6283057398698856
335,2.0,6.0,1.0,0.6262128028711398
336,2.0,7.0,0.1,0.46795691063459605
337,2.0,7.0,0.2,0.5039609176865157
338,2.0,7.0,0.3,0.4786853752858031
339,2.0,7.0,0.4,0.46896825320089836
340,2.0,7.0,0.5,0.4888411887345392
341,2.0,7.0,0.6,0.46709303854413364
342,2.0,7.0,0.7,0.4558251270292651
343,2.0,7.0,0.8,0.5140943002268104
344,2.0,7.0,0.82,0.5039833296132891
345,2.0,7.0,0.84,0.4679800136720831
346,2.0,7.0,0.86,0.4791352548239327
347,2.0,7.0,0.88,0.4959612774491453
348,2.0,7.0,0.9,0.4900312623558435
349,2.0,7.0,0.92,0.47707166146785773
350,2.0,7.0,0.94,0.5052967801456396
351,2.0,7.0,0.96,0.5093081548554187
352,2.0,7.0,0.98,0.5258203982701932
353,2.0,7.0,0.99,0.5450204825323436
354,2.0,7.0,0.999,0.5531818740846832
355,2.0,7.0,0.9999,0.5181729975352819
356,2.0,7.0,1.0,0.5478448334989007
357,2.0,8.0,0.1,0.48603276682263863
358,2.0,8.0,0.2,0.4958634546058633
359,2.0,8.0,0.3,0.4928957580682558
360,2.0,8.0,0.4,0.4240791426734662
361,2.0,8.0,0.5,0.4860467902787971
362,2.0,8.0,0.6,0.44873637301796504
363,2.0,8.0,0.7,0.4860988326274164
364,2.0,8.0,0.8,0.464148918342982
365,2.0,8.0,0.82,0.4957508009305267
366,2.0,8.0,0.84,0.4887600248653634
367,2.0,8.0,0.86,0.4957092088316311
368,2.0,8.0,0.88,0.5006205074777484
369,2.0,8.0,0.9,0.5043853174220297
370,2.0,8.0,0.92,0.5038478124243648
371,2.0,8.0,0.94,0.5083201489797183
372,2.0,8.0,0.96,0.5031854172019352
373,2.0,8.0,0.98,0.5164566907227096
374,2.0,8.0,0.99,0.5294728379530709
375,2.0,8.0,0.999,0.5540523411214429
376,2.0,8.0,0.9999,0.5442672155116749
377,2.0,8.0,1.0,0.5330736940083896
378,2.0,9.0,0.1,0.34711983844489935
379,2.0,9.0,0.2,0.38612143116999603
380,2.0,9.0,0.3,0.3812465250280859
381,2.0,9.0,0.4,0.40303852612061297
382,2.0,9.0,0.5,0.4044960764727151
383,2.0,9.0,0.6,0.3542363808018994
384,2.0,9.0,0.7,0.39022294515444944
385,2.0,9.0,0.8,0.40891829899348037
386,2.0,9.0,0.82,0.3552897593942005
387,2.0,9.0,0.84,0.4104587064058974
388,2.0,9.0,0.86,0.41737482251532104
389,2.0,9.0,0.88,0.4045509524842266
390,2.0,9.0,0.9,0.39952583401060526
391,2.0,9.0,0.92,0.4041133329233013
392,2.0,9.0,0.94,0.4305472273746508
393,2.0,9.0,0.96,0.42055454810744
394,2.0,9.0,0.98,0.4071076120593678
395,2.0,9.0,0.99,0.44746443641459976
396,2.0,9.0,0.999,0.4480720840114791
397,2.0,9.0,0.9999,0.45844943415413847
398,2.0,9.0,1.0,0.4441647650703237
399,2.0,10.0,0.1,0.27918939606696075
400,2.0,10.0,0.2,0.3423908161103787
401,2.0,10.0,0.3,0.29766334325936544
402,2.0,10.0,0.4,0.2750356435369642
403,2.0,10.0,0.5,0.24917762496052728
404,2.0,10.0,0.6,0.33005337837005116
405,2.0,10.0,0.7,0.29142199207388564
406,2.0,10.0,0.8,0.28973342721965617
407,2.0,10.0,0.82,0.3238112247734378
408,2.0,10.0,0.84,0.31889577782266587
409,2.0,10.0,0.86,0.31502016722230874
410,2.0,10.0,0.88,0.292239657602218
411,2.0,10.0,0.9,0.29425235411092454
412,2.0,10.0,0.92,0.30812761004603956
413,2.0,10.0,0.94,0.29735280408622516
414,2.0,10.0,0.96,0.33525731734337955
415,2.0,10.0,0.98,0.3271084073849485
416,2.0,10.0,0.99,0.38294950483671547
417,2.0,10.0,0.999,0.348757998060488
418,2.0,10.0,0.9999,0.3603783699053809
419,2.0,10.0,1.0,0.3647236794795925
420,3.0,1.0,0.1,0.8753305751609457
421,3.0,1.0,0.2,0.8831762305288661
422,3.0,1.0,0.3,0.861618085271535
423,3.0,1.0,0.4,0.888018438541104
424,3.0,1.0,0.5,0.8588304631025405
425,3.0,1.0,0.6,0.8704148499105054
426,3.0,1.0,0.7,0.8759421330524227
427,3.0,1.0,0.8,0.8539409344783527
428,3.0,1.0,0.82,0.8551815078183235
429,3.0,1.0,0.84,0.8665397250876502
430,3.0,1.0,0.86,0.8451077174498507
431,3.0,1.0,0.88,0.8654963419723073
432,3.0,1.0,0.9,0.8573607561325745
433,3.0,1.0,0.92,0.8229183287592238
434,3.0,1.0,0.94,0.8455027087967897
435,3.0,1.0,0.96,0.8559027024425984
436,3.0,1.0,0.98,0.8399295235180506
437,3.0,1.0,0.99,0.8662876134190612
438,3.0,1.0,0.999,0.8731356087843299
439,3.0,1.0,0.9999,0.8839644886602416
440,3.0,1.0,1.0,0.8560484157298317
441,3.0,2.0,0.1,0.833754972572004
442,3.0,2.0,0.2,0.8340362166640177
443,3.0,2.0,0.3,0.8225386251522865
444,3.0,2.0,0.4,0.8197978235300303
445,3.0,2.0,0.5,0.8123025541300821
446,3.0,2.0,0.6,0.8233674933707307
447,3.0,2.0,0.7,0.8133247486758581
448,3.0,2.0,0.8,0.8051283438431426
449,3.0,2.0,0.82,0.8100800625468424
450,3.0,2.0,0.84,0.8093007357211806
451,3.0,2.0,0.86,0.8031976735505948
452,3.0,2.0,0.88,0.7953782907995065
453,3.0,2.0,0.9,0.8128314679765496
454,3.0,2.0,0.92,0.8046235952851586
455,3.0,2.0,0.94,0.8134350179019165
456,3.0,2.0,0.96,0.8168263253038984
457,3.0,2.0,0.98,0.8312129792870511
458,3.0,2.0,0.99,0.8038156950383877
459,3.0,2.0,0.999,0.8243593497072533
460,3.0,2.0,0.9999,0.8218598787695754
461,3.0,2.0,1.0,0.8173462454844089
462,3.0,3.0,0.1,0.7167936363943231
463,3.0,3.0,0.2,0.713759359184847
464,3.0,3.0,0.3,0.7024267254057741
465,3.0,3.0,0.4,0.7013891028567896
466,3.0,3.0,0.5,0.7198163794983744
467,3.0,3.0,0.6,0.7061344447577412
468,3.0,3.0,0.7,0.687095944692435
469,3.0,3.0,0.8,0.6863203070958978
470,3.0,3.0,0.82,0.6993323749834233
471,3.0,3.0,0.84,0.702376249875802
472,3.0,3.0,0.86,0.6913375300305655
473,3.0,3.0,0.88,0.6831710073487263
474,3.0,3.0,0.9,0.6902401923331473
475,3.0,3.0,0.92,0.6905090146169174
476,3.0,3.0,0.94,0.6863076963620269
477,3.0,3.0,0.96,0.7030523151043294
478,3.0,3.0,0.98,0.706230263371884
479,3.0,3.0,0.99,0.7165100383857445
480,3.0,3.0,0.999,0.7200895084375887
481,3.0,3.0,0.9999,0.735921748264565
482,3.0,3.0,1.0,0.7334148791862274
483,3.0,4.0,0.1,0.6380493711467375
484,3.0,4.0,0.2,0.661776386065507
485,3.0,4.0,0.3,0.6435633942024581
486,3.0,4.0,0.4,0.6479227673859334
487,3.0,4.0,0.5,0.6290236123607699
488,3.0,4.0,0.6,0.6373721863109644
489,3.0,4.0,0.7,0.6139730802665749
490,3.0,4.0,0.8,0.6235931205815071
491,3.0,4.0,0.82,0.6057172475779651
492,3.0,4.0,0.84,0.6266420805511346
493,3.0,4.0,0.86,0.6291403579973192
494,3.0,4.0,0.88,0.6191428694887476
495,3.0,4.0,0.9,0.626061361699884
496,3.0,4.0,0.92,0.6126326987329705
497,3.0,4.0,0.94,0.6326698910902792
498,3.0,4.0,0.96,0.6275125255923607
499,3.0,4.0,0.98,0.6231654088713007
500,3.0,4.0,0.99,0.6359294721375185
501,3.0,4.0,0.999,0.6431853565019847
502,3.0,4.0,0.9999,0.6791829993421932
503,3.0,4.0,1.0,0.6777876006384929
504,3.0,5.0,0.1,0.5996000154937112
505,3.0,5.0,0.2,0.6183455509309401
506,3.0,5.0,0.3,0.6081490702894493
507,3.0,5.0,0.4,0.6107743112558318
508,3.0,5.0,0.5,0.6231109050003996
509,3.0,5.0,0.6,0.5822979422027237
510,3.0,5.0,0.7,0.5874795267273801
511,3.0,5.0,0.8,0.602681417551581
512,3.0,5.0,0.82,0.5986731492681692
513,3.0,5.0,0.84,0.5998836959004631
514,3.0,5.0,0.86,0.6079879321289435
515,3.0,5.0,0.88,0.5923028190986028
516,3.0,5.0,0.9,0.6045465465100783
517,3.0,5.0,0.92,0.610689184554198
518,3.0,5.0,0.94,0.6031566927389677
519,3.0,5.0,0.96,0.6031764273789441
520,3.0,5.0,0.98,0.6112266781643046
521,3.0,5.0,0.99,0.6092845577110664
522,3.0,5.0,0.999,0.6266025235936732
523,3.0,5.0,0.9999,0.6404980887789301
524,3.0,5.0,1.0,0.6279292794133527
525,3.0,6.0,0.1,0.5553549535617573
526,3.0,6.0,0.2,0.5299952590092236
527,3.0,6.0,0.3,0.5249946501653586
528,3.0,6.0,0.4,0.5517633307950925
529,3.0,6.0,0.5,0.5488750724387783
530,3.0,6.0,0.6,0.5299822547210523
531,3.0,6.0,0.7,0.5416179129792291
532,3.0,6.0,0.8,0.5400265502205874
533,3.0,6.0,0.82,0.5323035759997005
534,3.0,6.0,0.84,0.5408525480568946
535,3.0,6.0,0.86,0.5360344354233515
536,3.0,6.0,0.88,0.5476555078229295
537,3.0,6.0,0.9,0.5288073882840626
538,3.0,6.0,0.92,0.5375800346875873
539,3.0,6.0,0.94,0.5477823646367936
540,3.0,6.0,0.96,0.5410490350533201
541,3.0,6.0,0.98,0.5424743040755082
542,3.0,6.0,0.99,0.576124804530866
543,3.0,6.0,0.999,0.5784917116955526
544,3.0,6.0,0.9999,0.55833260877822
545,3.0,6.0,1.0,0.5769341014410162
546,3.0,7.0,0.1,0.4651755257461051
547,3.0,7.0,0.2,0.4831517566289074
548,3.0,7.0,0.3,0.44437622729396387
549,3.0,7.0,0.4,0.46789783337803087
550,3.0,7.0,0.5,0.4687516546381128
551,3.0,7.0,0.6,0.4643176141905046
552,3.0,7.0,0.7,0.4447879208691212
553,3.0,7.0,0.8,0.4494209352084977
554,3.0,7.0,0.82,0.4277589176006565
555,3.0,7.0,0.84,0.4692811784991429
556,3.0,7.0,0.86,0.4271479679779946
557,3.0,7.0,0.88,0.4316285851974928
558,3.0,7.0,0.9,0.430337510467854
559,3.0,7.0,0.92,0.4818823445338367
560,3.0,7.0,0.94,0.47220867802405225
561,3.0,7.0,0.96,0.510267607184889
562,3.0,7.0,0.98,0.5004118519733961
563,3.0,7.0,0.99,0.5075366019387675
564,3.0,7.0,0.999,0.5442776762710475
565,3.0,7.0,0.9999,0.5384763557321868
566,3.0,7.0,1.0,0.4830358298478127
567,3.0,8.0,0.1,0.4595867588981405
568,3.0,8.0,0.2,0.4661751365994913
569,3.0,8.0,0.3,0.4427232003524446
570,3.0,8.0,0.4,0.44990027491241336
571,3.0,8.0,0.5,0.46554607465701886
572,3.0,8.0,0.6,0.4519560418536956
573,3.0,8.0,0.7,0.44564800591927894
574,3.0,8.0,0.8,0.42174106760476193
575,3.0,8.0,0.82,0.47750083404014604
576,3.0,8.0,0.84,0.44653150075619996
577,3.0,8.0,0.86,0.46298374002405146
578,3.0,8.0,0.88,0.44419553753877977
579,3.0,8.0,0.9,0.431240038618165
580,3.0,8.0,0.92,0.45819031430858903
581,3.0,8.0,0.94,0.4570628190126926
582,3.0,8.0,0.96,0.48528411536082006
583,3.0,8.0,0.98,0.5158864221702614
584,3.0,8.0,0.99,0.5066077333855833
585,3.0,8.0,0.999,0.5242734197942834
586,3.0,8.0,0.9999,0.5185613100683899
587,3.0,8.0,1.0,0.4977810666423728
588,3.0,9.0,0.1,0.3329376128235617
589,3.0,9.0,0.2,0.32377135963248177
590,3.0,9.0,0.3,0.3779162815245579
591,3.0,9.0,0.4,0.30985406369986057
592,3.0,9.0,0.5,0.372595211897547
593,3.0,9.0,0.6,0.3312612939710703
594,3.0,9.0,0.7,0.304514300649643
595,3.0,9.0,0.8,0.3191152626386528
596,3.0,9.0,0.82,0.3920058285695485
597,3.0,9.0,0.84,0.31946870219582546
598,3.0,9.0,0.86,0.40924489651603785
599,3.0,9.0,0.88,0.4000705191845041
600,3.0,9.0,0.9,0.3790446300797763
601,3.0,9.0,0.92,0.4035784522462358
602,3.0,9.0,0.94,0.3873374320590725
603,3.0,9.0,0.96,0.3892586685435304
604,3.0,9.0,0.98,0.41177201359840915
605,3.0,9.0,0.99,0.45077338092798436
606,3.0,9.0,0.999,0.4501706902594576
607,3.0,9.0,0.9999,0.46150298819582813
608,3.0,9.0,1.0,0.43212984784481934
609,3.0,10.0,0.1,0.32515078646736806
610,3.0,10.0,0.2,0.34530878635086976
611,3.0,10.0,0.3,0.3476815115054591
612,3.0,10.0,0.4,0.33504508444464276
613,3.0,10.0,0.5,0.3341970792707396
614,3.0,10.0,0.6,0.3371817300199286
615,3.0,10.0,0.7,0.3522169431591122
616,3.0,10.0,0.8,0.34685023623842703
617,3.0,10.0,0.82,0.33961288250441235
618,3.0,10.0,0.84,0.354849469964892
619,3.0,10.0,0.86,0.3752128458036132
620,3.0,10.0,0.88,0.37866661794484524
621,3.0,10.0,0.9,0.3489905081811158
622,3.0,10.0,0.92,0.351802645908253
623,3.0,10.0,0.94,0.36240271072975855
624,3.0,10.0,0.96,0.39402653222646783
625,3.0,10.0,0.98,0.3894896251792905
626,3.0,10.0,0.99,0.4074112452714832
627,3.0,10.0,0.999,0.42012450098090676
628,3.0,10.0,0.9999,0.4151026636040931
629,3.0,10.0,1.0,0.3907576647875524
630,4.0,1.0,0.1,0.9014520205909382
631,4.0,1.0,0.2,0.8945453212610771
632,4.0,1.0,0.3,0.8984280426283675
633,4.0,1.0,0.4,0.897764361375877
634,4.0,1.0,0.5,0.8814483325001944
635,4.0,1.0,0.6,0.8845457515685415
636,4.0,1.0,0.7,0.8814149613672508
637,4.0,1.0,0.8,0.8731328001939265
638,4.0,1.0,0.82,0.8624396642684322
639,4.0,1.0,0.84,0.8753744279154848
640,4.0,1.0,0.86,0.8687984686389822
641,4.0,1.0,0.88,0.865558249423589
642,4.0,1.0,0.9,0.8656537771655068
643,4.0,1.0,0.92,0.8463036492547344
644,4.0,1.0,0.94,0.8670564801933579
645,4.0,1.0,0.96,0.8643585386912549
646,4.0,1.0,0.98,0.8742717656904755
647,4.0,1.0,0.99,0.860878137550417
648,4.0,1.0,0.999,0.8790783704025468
649,4.0,1.0,0.9999,0.8834303984435807
650,4.0,1.0,1.0,0.8649750179734149
651,4.0,2.0,0.1,0.7819646746155772
652,4.0,2.0,0.2,0.7823401028912823
653,4.0,2.0,0.3,0.7841211225114152
654,4.0,2.0,0.4,0.7845448296483404
655,4.0,2.0,0.5,0.786291062727596
656,4.0,2.0,0.6,0.7752750762797531
657,4.0,2.0,0.7,0.7565219266670433
658,4.0,2.0,0.8,0.7712133176072896
659,4.0,2.0,0.82,0.7297679438912309
660,4.0,2.0,0.84,0.7545833132298464
661,4.0,2.0,0.86,0.7748469288555695
662,4.0,2.0,0.88,0.7319028856933353
663,4.0,2.0,0.9,0.7409767219829659
664,4.0,2.0,0.92,0.7416442620360482
665,4.0,2.0,0.94,0.7515702764960696
666,4.0,2.0,0.96,0.7403305789892002
667,4.0,2.0,0.98,0.754267808696752
668,4.0,2.0,0.99,0.7702315402887898
669,4.0,2.0,0.999,0.7710706586522765
670,4.0,2.0,0.9999,0.7446694439699689
671,4.0,2.0,1.0,0.7813197248099049
672,4.0,3.0,0.1,0.7451256294590567
673,4.0,3.0,0.2,0.7507868806434719
674,4.0,3.0,0.3,0.7361989584731274
675,4.0,3.0,0.4,0.7403415321066609
676,4.0,3.0,0.5,0.7419958217626657
677,4.0,3.0,0.6,0.7261853691111997
678,4.0,3.0,0.7,0.7228394010450553
679,4.0,3.0,0.8,0.7051594976416198
680,4.0,3.0,0.82,0.7047379543040484
681,4.0,3.0,0.84,0.7130431059720214
682,4.0,3.0,0.86,0.696346829854912
683,4.0,3.0,0.88,0.6837511947810513
684,4.0,3.0,0.9,0.6893722135290528
685,4.0,3.0,0.92,0.6942901662406011
686,4.0,3.0,0.94,0.70005873165196
687,4.0,3.0,0.96,0.7108266859522583
688,4.0,3.0,0.98,0.7270372230451516
689,4.0,3.0,0.99,0.7182220494864944
690,4.0,3.0,0.999,0.733483101681343
691,4.0,3.0,0.9999,0.7143188233020308
692,4.0,3.0,1.0,0.7399613420801076
693,4.0,4.0,0.1,0.6198677029990707
694,4.0,4.0,0.2,0.6291365339952453
695,4.0,4.0,0.3,0.6054863816578668
696,4.0,4.0,0.4,0.5977939538741872
697,4.0,4.0,0.5,0.5706331671772814
698,4.0,4.0,0.6,0.6197568530331091
699,4.0,4.0,0.7,0.5797757660860448
700,4.0,4.0,0.8,0.5552781069004967
701,4.0,4.0,0.82,0.538286320509627
702,4.0,4.0,0.84,0.564801744314567
703,4.0,4.0,0.86,0.5757012357685433
704,4.0,4.0,0.88,0.5847773059732151
705,4.0,4.0,0.9,0.5177964931217812
706,4.0,4.0,0.92,0.5510190286114377
707,4.0,4.0,0.94,0.5583922911754925
708,4.0,4.0,0.96,0.5565379876121249
709,4.0,4.0,0.98,0.5896086425245896
710,4.0,4.0,0.99,0.604916152049044
711,4.0,4.0,0.999,0.6181778761146985
712,4.0,4.0,0.9999,0.5776686503776508
713,4.0,4.0,1.0,0.5739954975677573
714,4.0,5.0,0.1,0.6151488909265178
715,4.0,5.0,0.2,0.6107677569966059
716,4.0,5.0,0.3,0.5960267772288949
717,4.0,5.0,0.4,0.5871357260116201
718,4.0,5.0,0.5,0.605315656645254
719,4.0,5.0,0.6,0.5875808202906075
720,4.0,5.0,0.7,0.5958067271099802
721,4.0,5.0,0.8,0.565404854126773
722,4.0,5.0,0.82,0.5789418402188475
723,4.0,5.0,0.84,0.5807489103295795
724,4.0,5.0,0.86,0.5711578076020456
725,4.0,5.0,0.88,0.5627708578296323
726,4.0,5.0,0.9,0.5652334306918979
727,4.0,5.0,0.92,0.5702000192006399
728,4.0,5.0,0.94,0.5737328520110088
729,4.0,5.0,0.96,0.5850677108156435
730,4.0,5.0,0.98,0.5826259243963933
731,4.0,5.0,0.99,0.579501544756284
732,4.0,5.0,0.999,0.5915623105642975
733,4.0,5.0,0.9999,0.6043967811788775
734,4.0,5.0,1.0,0.6200892731158133
735,4.0,6.0,0.1,0.5261142488903091
736,4.0,6.0,0.2,0.5369620353769409
737,4.0,6.0,0.3,0.5361950091369606
738,4.0,6.0,0.4,0.5437843374037243
739,4.0,6.0,0.5,0.5170591313723628
740,4.0,6.0,0.6,0.5221689222984441
741,4.0,6.0,0.7,0.5356121213975765
742,4.0,6.0,0.8,0.48818290481909266
743,4.0,6.0,0.82,0.48271471398995447
744,4.0,6.0,0.84,0.5232946412984308
745,4.0,6.0,0.86,0.5233446000051813
746,4.0,6.0,0.88,0.5202765990209014
747,4.0,6.0,0.9,0.5054708394040824
748,4.0,6.0,0.92,0.5147836051769558
749,4.0,6.0,0.94,0.5233972669258407
750,4.0,6.0,0.96,0.48660844286407723
751,4.0,6.0,0.98,0.5310076328866511
752,4.0,6.0,0.99,0.541385113697173
753,4.0,6.0,0.999,0.5674297923844597
754,4.0,6.0,0.9999,0.5381998590976466
755,4.0,6.0,1.0,0.5353612900499937
756,4.0,7.0,0.1,0.49266907134378146
757,4.0,7.0,0.2,0.4831737660695392
758,4.0,7.0,0.3,0.4895357686728436
759,4.0,7.0,0.4,0.4882606184394991
760,4.0,7.0,0.5,0.47964554081809185
761,4.0,7.0,0.6,0.46454306199157375
762,4.0,7.0,0.7,0.47698638256717435
763,4.0,7.0,0.8,0.4641814638835715
764,4.0,7.0,0.82,0.47825543979099316
765,4.0,7.0,0.84,0.4442016620405321
766,4.0,7.0,0.86,0.45583561104001663
767,4.0,7.0,0.88,0.47261772990663004
768,4.0,7.0,0.9,0.4448293540374667
769,4.0,7.0,0.92,0.4734430851890159
770,4.0,7.0,0.94,0.4648402174655223
771,4.0,7.0,0.96,0.4710800729475346
772,4.0,7.0,0.98,0.47212735506892983
773,4.0,7.0,0.99,0.46700066573478755
774,4.0,7.0,0.999,0.4957209166898797
775,4.0,7.0,0.9999,0.4716989451472443
776,4.0,7.0,1.0,0.4974228991195239
777,4.0,8.0,0.1,0.47663395039781087
778,4.0,8.0,0.2,0.45223955508171637
779,4.0,8.0,0.3,0.4545255355874302
780,4.0,8.0,0.4,0.4463083340647976
781,4.0,8.0,0.5,0.41269018655604905
782,4.0,8.0,0.6,0.3988789067794138
783,4.0,8.0,0.7,0.4184707257333706
784,4.0,8.0,0.8,0.4240728488773994
785,4.0,8.0,0.82,0.44843536522318916
786,4.0,8.0,0.84,0.43946577650780017
787,4.0,8.0,0.86,0.42759797677262373
788,4.0,8.0,0.88,0.44622086723070054
789,4.0,8.0,0.9,0.42399641876559085
790,4.0,8.0,0.92,0.4413818660229514
791,4.0,8.0,0.94,0.42155548899267986
792,4.0,8.0,0.96,0.4278728195280895
793,4.0,8.0,0.98,0.46868873358116375
794,4.0,8.0,0.99,0.4554634636701044
795,4.0,8.0,0.999,0.45388871995752866
796,4.0,8.0,0.9999,0.4677585365370255
797,4.0,8.0,1.0,0.47560022495362114
798,4.0,9.0,0.1,0.40312881659558414
799,4.0,9.0,0.2,0.4524621836073339
800,4.0,9.0,0.3,0.42361054873092985
801,4.0,9.0,0.4,0.3858668422057293
802,4.0,9.0,0.5,0.4055803370050607
803,4.0,9.0,0.6,0.41615758806109476
804,4.0,9.0,0.7,0.3933140856932093
805,4.0,9.0,0.8,0.39079124457351816
806,4.0,9.0,0.82,0.38656918995260636
807,4.0,9.0,0.84,0.40423221447862095
808,4.0,9.0,0.86,0.383451496756558
809,4.0,9.0,0.88,0.3878231961171745
810,4.0,9.0,0.9,0.3989146501852067
811,4.0,9.0,0.92,0.38762756873211485
812,4.0,9.0,0.94,0.38286404379045963
813,4.0,9.0,0.96,0.40511123045627306
814,4.0,9.0,0.98,0.3906047238336903
815,4.0,9.0,0.99,0.4055751249792075
816,4.0,9.0,0.999,0.42474608762655836
817,4.0,9.0,0.9999,0.43067916507597154
818,4.0,9.0,1.0,0.4204052542606843
819,4.0,10.0,0.1,0.3669898860026069
820,4.0,10.0,0.2,0.352392550391407
821,4.0,10.0,0.3,0.3404544721754092
822,4.0,10.0,0.4,0.34340473481145184
823,4.0,10.0,0.5,0.33627719131628003
824,4.0,10.0,0.6,0.299837393889621
825,4.0,10.0,0.7,0.33608867459988845
826,4.0,10.0,0.8,0.3094815603727636
827,4.0,10.0,0.82,0.32364994615746867
828,4.0,10.0,0.84,0.35548849974881264
829,4.0,10.0,0.86,0.3197462097127905
830,4.0,10.0,0.88,0.31371838403331737
831,4.0,10.0,0.9,0.32166448614653487
832,4.0,10.0,0.92,0.365180111847356
833,4.0,10.0,0.94,0.36025527593910456
834,4.0,10.0,0.96,0.34090809978124537
835,4.0,10.0,0.98,0.36532371877623193
836,4.0,10.0,0.99,0.37388319831158634
837,4.0,10.0,0.999,0.3412989141287241
838,4.0,10.0,0.9999,0.4094465715163392
839,4.0,10.0,1.0,0.4041003473137671
840,5.0,1.0,0.1,0.9161973547766075
841,5.0,1.0,0.2,0.9058760924824896
842,5.0,1.0,0.3,0.9139661730675458
843,5.0,1.0,0.4,0.9004996348804598
844,5.0,1.0,0.5,0.9121167377244999
845,5.0,1.0,0.6,0.9018111693945055
846,5.0,1.0,0.7,0.9022248068191095
847,5.0,1.0,0.8,0.904040407944452
848,5.0,1.0,0.82,0.8962370211884022
849,5.0,1.0,0.84,0.8990380426381168
850,5.0,1.0,0.86,0.8902238092135999
851,5.0,1.0,0.88,0.8963341391552438
852,5.0,1.0,0.9,0.8812563089874721
853,5.0,1.0,0.92,0.8689737242389998
854,5.0,1.0,0.94,0.8895184982497136
855,5.0,1.0,0.96,0.8823747835674078
856,5.0,1.0,0.98,0.8883756543388981
857,5.0,1.0,0.99,0.8943126364494215
858,5.0,1.0,0.999,0.8767393108358368
859,5.0,1.0,0.9999,0.8980704540509863
860,5.0,1.0,1.0,0.8845414082568023
861,5.0,2.0,0.1,0.824087797262323
862,5.0,2.0,0.2,0.8256518911420581
863,5.0,2.0,0.3,0.8222411569529564
864,5.0,2.0,0.4,0.8198445946883736
865,5.0,2.0,0.5,0.8030346061883509
866,5.0,2.0,0.6,0.8228560125027847
867,5.0,2.0,0.7,0.8051339369702889
868,5.0,2.0,0.8,0.8104034732969625
869,5.0,2.0,0.82,0.8061691876642568
870,5.0,2.0,0.84,0.800316756219857
871,5.0,2.0,0.86,0.7888398736702813
872,5.0,2.0,0.88,0.8024574965816491
873,5.0,2.0,0.9,0.8023392156898114
874,5.0,2.0,0.92,0.8066111671453783
875,5.0,2.0,0.94,0.7891821736411856
876,5.0,2.0,0.96,0.794091555719917
877,5.0,2.0,0.98,0.7996906023264077
878,5.0,2.0,0.99,0.794873460691747
879,5.0,2.0,0.999,0.8110308305887906
880,5.0,2.0,0.9999,0.7929349206400799
881,5.0,2.0,1.0,0.8031858338369252
882,5.0,3.0,0.1,0.7181045116507961
883,5.0,3.0,0.2,0.7323007282491988
884,5.0,3.0,0.3,0.7272958553804473
885,5.0,3.0,0.4,0.7232778703580304
886,5.0,3.0,0.5,0.72349554866707
887,5.0,3.0,0.6,0.7080830491375555
888,5.0,3.0,0.7,0.7154408206041877
889,5.0,3.0,0.8,0.690957637574028
890,5.0,3.0,0.82,0.7009461696964353
891,5.0,3.0,0.84,0.6957095355856697
892,5.0,3.0,0.86,0.6862854594726201
893,5.0,3.0,0.88,0.7061202955529912
894,5.0,3.0,0.9,0.6970344564701352
895,5.0,3.0,0.92,0.678985712433401
896,5.0,3.0,0.94,0.6717979332615219
897,5.0,3.0,0.96,0.6893997231031941
898,5.0,3.0,0.98,0.6946750388870417
899,5.0,3.0,0.99,0.7049896300372169
900,5.0,3.0,0.999,0.7062355448028853
901,5.0,3.0,0.9999,0.7287429203078163
902,5.0,3.0,1.0,0.7340182608471655
903,5.0,4.0,0.1,0.6893810759874508
904,5.0,4.0,0.2,0.6765936321866315
905,5.0,4.0,0.3,0.6909010146914402
906,5.0,4.0,0.4,0.688440030770815
907,5.0,4.0,0.5,0.6682817868423577
908,5.0,4.0,0.6,0.6565862252265751
909,5.0,4.0,0.7,0.6605330426815141
910,5.0,4.0,0.8,0.6717956034718374
911,5.0,4.0,0.82,0.6740280906066918
912,5.0,4.0,0.84,0.642988273953187
913,5.0,4.0,0.86,0.6600077960586235
914,5.0,4.0,0.88,0.6480939935956682
915,5.0,4.0,0.9,0.649993050854488
916,5.0,4.0,0.92,0.6480191010563566
917,5.0,4.0,0.94,0.6345907174754741
918,5.0,4.0,0.96,0.6524100060767284
919,5.0,4.0,0.98,0.6475704074042284
920,5.0,4.0,0.99,0.6697132896338536
921,5.0,4.0,0.999,0.6699510103744525
922,5.0,4.0,0.9999,0.6412538427577736
923,5.0,4.0,1.0,0.6737022860613108
924,5.0,5.0,0.1,0.6504763756860318
925,5.0,5.0,0.2,0.6183778203347894
926,5.0,5.0,0.3,0.62775487907221
927,5.0,5.0,0.4,0.6030544775919688
928,5.0,5.0,0.5,0.6176771890225946
929,5.0,5.0,0.6,0.6245359772865592
930,5.0,5.0,0.7,0.6208867299217197
931,5.0,5.0,0.8,0.6095061110221488
932,5.0,5.0,0.82,0.5831565178003464
933,5.0,5.0,0.84,0.5896854213948155
934,5.0,5.0,0.86,0.6087238844267662
935,5.0,5.0,0.88,0.5827209798016741
936,5.0,5.0,0.9,0.6058673272616186
937,5.0,5.0,0.92,0.6015064601428461
938,5.0,5.0,0.94,0.6080060377623343
939,5.0,5.0,0.96,0.5953964274824831
940,5.0,5.0,0.98,0.6075900518946724
941,5.0,5.0,0.99,0.6184914541941616
942,5.0,5.0,0.999,0.6484439494775168
943,5.0,5.0,0.9999,0.6520456359555598
944,5.0,5.0,1.0,0.6410184627134671
945,5.0,6.0,0.1,0.5532561322043411
946,5.0,6.0,0.2,0.5429223757386052
947,5.0,6.0,0.3,0.523824583814428
948,5.0,6.0,0.4,0.5301081907365023
949,5.0,6.0,0.5,0.5275787972811624
950,5.0,6.0,0.6,0.5001510685097024
951,5.0,6.0,0.7,0.5288304667651313
952,5.0,6.0,0.8,0.5158545690725798
953,5.0,6.0,0.82,0.5207820932568747
954,5.0,6.0,0.84,0.4905676087335962
955,5.0,6.0,0.86,0.4928065559534667
956,5.0,6.0,0.88,0.5057746929658232
957,5.0,6.0,0.9,0.49891457271030265
958,5.0,6.0,0.92,0.5210247117352096
959,5.0,6.0,0.94,0.5080391046032633
960,5.0,6.0,0.96,0.5294426071973779
961,5.0,6.0,0.98,0.5271150811453809
962,5.0,6.0,0.99,0.5321419130597601
963,5.0,6.0,0.999,0.5103839085023342
964,5.0,6.0,0.9999,0.5430403353003888
965,5.0,6.0,1.0,0.552777329922494
966,5.0,7.0,0.1,0.5081428758452735
967,5.0,7.0,0.2,0.5226113668025123
968,5.0,7.0,0.3,0.5373437389142476
969,5.0,7.0,0.4,0.5058963657763811
970,5.0,7.0,0.5,0.5020240114939138
971,5.0,7.0,0.6,0.4741590713481243
972,5.0,7.0,0.7,0.49579110198429055
973,5.0,7.0,0.8,0.4799487274473491
974,5.0,7.0,0.82,0.4750357154320402
975,5.0,7.0,0.84,0.45556802897765236
976,5.0,7.0,0.86,0.4771699706682447
977,5.0,7.0,0.88,0.4744836116856319
978,5.0,7.0,0.9,0.47328767838657654
979,5.0,7.0,0.92,0.4725698747147579
980,5.0,7.0,0.94,0.49864015297448716
981,5.0,7.0,0.96,0.4956359148805863
982,5.0,7.0,0.98,0.5255861059915892
983,5.0,7.0,0.99,0.5195118168002799
984,5.0,7.0,0.999,0.5559247411715423
985,5.0,7.0,0.9999,0.5608519349800768
986,5.0,7.0,1.0,0.5239063118579116
987,5.0,8.0,0.1,0.45031868893020927
988,5.0,8.0,0.2,0.4305254048796598
989,5.0,8.0,0.3,0.41646109397835945
990,5.0,8.0,0.4,0.4290099991083098
991,5.0,8.0,0.5,0.43165617779972426
992,5.0,8.0,0.6,0.4168045623201272
993,5.0,8.0,0.7,0.4069983984462603
994,5.0,8.0,0.8,0.392795121915609
995,5.0,8.0,0.82,0.3999594936064818
996,5.0,8.0,0.84,0.40044795748963463
997,5.0,8.0,0.86,0.3799330665607519
998,5.0,8.0,0.88,0.39735661474668693
999,5.0,8.0,0.9,0.42145906549032086
1000,5.0,8.0,0.92,0.4040483363566861
1001,5.0,8.0,0.94,0.3891458417156603
1002,5.0,8.0,0.96,0.38181202561857824
1003,5.0,8.0,0.98,0.39775007049585537
1004,5.0,8.0,0.99,0.4172538722972598
1005,5.0,8.0,0.999,0.44827787532992097
1006,5.0,8.0,0.9999,0.3863861190208796
1007,5.0,8.0,1.0,0.4405906574726103
1008,5.0,9.0,0.1,0.40755521309032905
1009,5.0,9.0,0.2,0.38103875789929864
1010,5.0,9.0,0.3,0.4088387620030032
1011,5.0,9.0,0.4,0.3777253102403305
1012,5.0,9.0,0.5,0.3774582982266391
1013,5.0,9.0,0.6,0.3819529369861945
1014,5.0,9.0,0.7,0.39245673908200474
1015,5.0,9.0,0.8,0.3711453229776616
1016,5.0,9.0,0.82,0.3877976399477046
1017,5.0,9.0,0.84,0.39230629145268026
1018,5.0,9.0,0.86,0.38709422305363683
1019,5.0,9.0,0.88,0.36758336693811067
1020,5.0,9.0,0.9,0.37584494519202183
1021,5.0,9.0,0.92,0.3698028957202557
1022,5.0,9.0,0.94,0.393256273380262
1023,5.0,9.0,0.96,0.37777550000394183
1024,5.0,9.0,0.98,0.427999069288202
1025,5.0,9.0,0.99,0.4211609610792019
1026,5.0,9.0,0.999,0.42300337782441866
1027,5.0,9.0,0.9999,0.43426518901637245
1028,5.0,9.0,1.0,0.4167161435864199
1029,5.0,10.0,0.1,0.3375742978086549
1030,5.0,10.0,0.2,0.32426339360921325
1031,5.0,10.0,0.3,0.31992731907593125
1032,5.0,10.0,0.4,0.29137378263525215
1033,5.0,10.0,0.5,0.2968800337535109
1034,5.0,10.0,0.6,0.2989501022252091
1035,5.0,10.0,0.7,0.2812688836320907
1036,5.0,10.0,0.8,0.29114933464377424
1037,5.0,10.0,0.82,0.3249917354665166
1038,5.0,10.0,0.84,0.28025450077731534
1039,5.0,10.0,0.86,0.3027969135223421
1040,5.0,10.0,0.88,0.3266014710277282
1041,5.0,10.0,0.9,0.30297141004414063
1042,5.0,10.0,0.92,0.32490790472686365
1043,5.0,10.0,0.94,0.3113109626424904
1044,5.0,10.0,0.96,0.3040114497581925
1045,5.0,10.0,0.98,0.32080753611492413
1046,5.0,10.0,0.99,0.32569221934438397
1047,5.0,10.0,0.999,0.37530326858583307
1048,5.0,10.0,0.9999,0.33293131952011873
1049,5.0,10.0,1.0,0.3735115827903747
1050,6.0,1.0,0.1,0.90024804590572
1051,6.0,1.0,0.2,0.9031083594049557
1052,6.0,1.0,0.3,0.9012619347648115
1053,6.0,1.0,0.4,0.8941894328306315
1054,6.0,1.0,0.5,0.8917746689063497
1055,6.0,1.0,0.6,0.877448025459228
1056,6.0,1.0,0.7,0.8764891890737668
1057,6.0,1.0,0.8,0.8726934383838106
1058,6.0,1.0,0.82,0.8666841026229902
1059,6.0,1.0,0.84,0.8680386148660777
1060,6.0,1.0,0.86,0.8699579751197666
1061,6.0,1.0,0.88,0.8687026917652386
1062,6.0,1.0,0.9,0.8682578215438574
1063,6.0,1.0,0.92,0.8526977626521333
1064,6.0,1.0,0.94,0.862976835285088
1065,6.0,1.0,0.96,0.8494830173934492
1066,6.0,1.0,0.98,0.8574279320818187
1067,6.0,1.0,0.99,0.8546869240220512
1068,6.0,1.0,0.999,0.8481440978677313
1069,6.0,1.0,0.9999,0.8553423087294081
1070,6.0,1.0,1.0,0.8371501698263688
1071,6.0,2.0,0.1,0.7902832597693695
1072,6.0,2.0,0.2,0.7936533924683412
1073,6.0,2.0,0.3,0.8027228603645462
1074,6.0,2.0,0.4,0.7940086208977918
1075,6.0,2.0,0.5,0.8056588428985294
1076,6.0,2.0,0.6,0.7845080926681146
1077,6.0,2.0,0.7,0.7722259435755516
1078,6.0,2.0,0.8,0.7699075068193048
1079,6.0,2.0,0.82,0.7713048933205067
1080,6.0,2.0,0.84,0.7863841347201748
1081,6.0,2.0,0.86,0.7666355676588968
1082,6.0,2.0,0.88,0.7507491010848694
1083,6.0,2.0,0.9,0.7625445863181132
1084,6.0,2.0,0.92,0.7433796968056402
1085,6.0,2.0,0.94,0.7616122354283389
1086,6.0,2.0,0.96,0.7657148358348358
1087,6.0,2.0,0.98,0.7298891206421257
1088,6.0,2.0,0.99,0.7423760972109342
1089,6.0,2.0,0.999,0.7656119293526668
1090,6.0,2.0,0.9999,0.7646853118596564
1091,6.0,2.0,1.0,0.7553721142999154
1092,6.0,3.0,0.1,0.7190957933180284
1093,6.0,3.0,0.2,0.7380926652354318
1094,6.0,3.0,0.3,0.705542667138715
1095,6.0,3.0,0.4,0.7213409721664918
1096,6.0,3.0,0.5,0.7255715888155371
1097,6.0,3.0,0.6,0.7004340877547997
1098,6.0,3.0,0.7,0.7213164201749329
1099,6.0,3.0,0.8,0.7115072268719954
1100,6.0,3.0,0.82,0.6864135655804996
1101,6.0,3.0,0.84,0.6887251218677981
1102,6.0,3.0,0.86,0.695406533749281
1103,6.0,3.0,0.88,0.6953975749711363
1104,6.0,3.0,0.9,0.6981799835114628
1105,6.0,3.0,0.92,0.6931459823846902
1106,6.0,3.0,0.94,0.670677059442838
1107,6.0,3.0,0.96,0.6926534007459355
1108,6.0,3.0,0.98,0.6974820007062126
1109,6.0,3.0,0.99,0.6677907556151252
1110,6.0,3.0,0.999,0.7037185422239914
1111,6.0,3.0,0.9999,0.7136024461533045
1112,6.0,3.0,1.0,0.6939209284856493
1113,6.0,4.0,0.1,0.7005585830943277
1114,6.0,4.0,0.2,0.6685844655495243
1115,6.0,4.0,0.3,0.6598901424755735
1116,6.0,4.0,0.4,0.6773747301211624
1117,6.0,4.0,0.5,0.6692371135978417
1118,6.0,4.0,0.6,0.6589338191329429
1119,6.0,4.0,0.7,0.6669497006729795
1120,6.0,4.0,0.8,0.650372683903536
1121,6.0,4.0,0.82,0.6085677496632322
1122,6.0,4.0,0.84,0.6251922138296776
1123,6.0,4.0,0.86,0.6533654117379201
1124,6.0,4.0,0.88,0.6456303223174338
1125,6.0,4.0,0.9,0.6596433746808684
1126,6.0,4.0,0.92,0.6130837210568026
1127,6.0,4.0,0.94,0.6232618042979148
1128,6.0,4.0,0.96,0.6128991006073662
1129,6.0,4.0,0.98,0.6412873861995183
1130,6.0,4.0,0.99,0.6447393502715495
1131,6.0,4.0,0.999,0.6282140272690812
1132,6.0,4.0,0.9999,0.6548379941637958
1133,6.0,4.0,1.0,0.662429156863933
1134,6.0,5.0,0.1,0.5940787920635427
1135,6.0,5.0,0.2,0.5593792235862753
1136,6.0,5.0,0.3,0.5721784413454337
1137,6.0,5.0,0.4,0.5747213514992353
1138,6.0,5.0,0.5,0.5666038724038072
1139,6.0,5.0,0.6,0.5253259117347892
1140,6.0,5.0,0.7,0.516208017360725
1141,6.0,5.0,0.8,0.5607893973712866
1142,6.0,5.0,0.82,0.536797632484499
1143,6.0,5.0,0.84,0.5202213386198261
1144,6.0,5.0,0.86,0.4941604362316785
1145,6.0,5.0,0.88,0.4975815750151638
1146,6.0,5.0,0.9,0.49622230324298483
1147,6.0,5.0,0.92,0.4983541030189648
1148,6.0,5.0,0.94,0.5036656084310793
1149,6.0,5.0,0.96,0.5040168356431128
1150,6.0,5.0,0.98,0.516168257630574
1151,6.0,5.0,0.99,0.5562533206689821
1152,6.0,5.0,0.999,0.560237004055121
1153,6.0,5.0,0.9999,0.5415294233661474
1154,6.0,5.0,1.0,0.5451061325376254
1155,6.0,6.0,0.1,0.5815115892275267
1156,6.0,6.0,0.2,0.5780714126297444
1157,6.0,6.0,0.3,0.5740212502867125
1158,6.0,6.0,0.4,0.5749016694591569
1159,6.0,6.0,0.5,0.5585837341396094
1160,6.0,6.0,0.6,0.5822233396774765
1161,6.0,6.0,0.7,0.5542478303199072
1162,6.0,6.0,0.8,0.54425127491067
1163,6.0,6.0,0.82,0.5643456072192747
1164,6.0,6.0,0.84,0.5543771410180448
1165,6.0,6.0,0.86,0.5500912815530222
1166,6.0,6.0,0.88,0.5533617010857004
1167,6.0,6.0,0.9,0.5255416869483027
1168,6.0,6.0,0.92,0.5369641637633871
1169,6.0,6.0,0.94,0.5490579803689556
1170,6.0,6.0,0.96,0.5501806420418203
1171,6.0,6.0,0.98,0.5408589695655155
1172,6.0,6.0,0.99,0.5225558754955497
1173,6.0,6.0,0.999,0.5362253272487785
1174,6.0,6.0,0.9999,0.5446823880677494
1175,6.0,6.0,1.0,0.5617810831347638
1176,6.0,7.0,0.1,0.5275093461419831
1177,6.0,7.0,0.2,0.5145560962119471
1178,6.0,7.0,0.3,0.4939908770829438
1179,6.0,7.0,0.4,0.49319402950732305
1180,6.0,7.0,0.5,0.5090083997095702
1181,6.0,7.0,0.6,0.4845448009974155
1182,6.0,7.0,0.7,0.4621168597656544
1183,6.0,7.0,0.8,0.48312885186067744
1184,6.0,7.0,0.82,0.4291012171995715
1185,6.0,7.0,0.84,0.5026892613722085
1186,6.0,7.0,0.86,0.44921690099440165
1187,6.0,7.0,0.88,0.4670705294685097
1188,6.0,7.0,0.9,0.4557256398673237
1189,6.0,7.0,0.92,0.4701033682595459
1190,6.0,7.0,0.94,0.4796240505435671
1191,6.0,7.0,0.96,0.46661560124725326
1192,6.0,7.0,0.98,0.4744310994226878
1193,6.0,7.0,0.99,0.4162913370497984
1194,6.0,7.0,0.999,0.4786878493247932
1195,6.0,7.0,0.9999,0.4806954573848374
1196,6.0,7.0,1.0,0.4845658308759958
1197,6.0,8.0,0.1,0.3923205930555929
1198,6.0,8.0,0.2,0.37774897494546017
1199,6.0,8.0,0.3,0.3593099852768953
1200,6.0,8.0,0.4,0.39067052068663294
1201,6.0,8.0,0.5,0.3690479722058123
1202,6.0,8.0,0.6,0.36462775285502813
1203,6.0,8.0,0.7,0.3600272963604317
1204,6.0,8.0,0.8,0.34732380261412876
1205,6.0,8.0,0.82,0.3902429522809802
1206,6.0,8.0,0.84,0.36499420987119896
1207,6.0,8.0,0.86,0.3542186709342456
1208,6.0,8.0,0.88,0.3581813732786706
1209,6.0,8.0,0.9,0.35692795339878275
1210,6.0,8.0,0.92,0.3618516370728496
1211,6.0,8.0,0.94,0.36835665486059105
1212,6.0,8.0,0.96,0.37683131194238795
1213,6.0,8.0,0.98,0.36936541047813376
1214,6.0,8.0,0.99,0.4082793635199852
1215,6.0,8.0,0.999,0.3965207211003186
1216,6.0,8.0,0.9999,0.3916451417349931
1217,6.0,8.0,1.0,0.39731634057733717
1218,6.0,9.0,0.1,0.4136796403442227
1219,6.0,9.0,0.2,0.3992106851744059
1220,6.0,9.0,0.3,0.36886779591130725
1221,6.0,9.0,0.4,0.37588238695345993
1222,6.0,9.0,0.5,0.3932753427294457
1223,6.0,9.0,0.6,0.3863804135593331
1224,6.0,9.0,0.7,0.38429868949053153
1225,6.0,9.0,0.8,0.3480252065752445
1226,6.0,9.0,0.82,0.36898850162144403
1227,6.0,9.0,0.84,0.3938436296622067
1228,6.0,9.0,0.86,0.3516522370071242
1229,6.0,9.0,0.88,0.31657189229607585
1230,6.0,9.0,0.9,0.4073324152901467
1231,6.0,9.0,0.92,0.3481480742310202
1232,6.0,9.0,0.94,0.41643303665911086
1233,6.0,9.0,0.96,0.4074777477683152
1234,6.0,9.0,0.98,0.425934009579394
1235,6.0,9.0,0.99,0.4231373892877856
1236,6.0,9.0,0.999,0.4265222920216095
1237,6.0,9.0,0.9999,0.39273655136849944
1238,6.0,9.0,1.0,0.4105461461097087
1239,6.0,10.0,0.1,0.36307815452850883
1240,6.0,10.0,0.2,0.3502170742472214
1241,6.0,10.0,0.3,0.34039864259398506
1242,6.0,10.0,0.4,0.35830841979326694
1243,6.0,10.0,0.5,0.3220735044675135
1244,6.0,10.0,0.6,0.33311581443346505
1245,6.0,10.0,0.7,0.3370418747822331
1246,6.0,10.0,0.8,0.30995405379121266
1247,6.0,10.0,0.82,0.345329045493685
1248,6.0,10.0,0.84,0.30851932146014616
1249,6.0,10.0,0.86,0.35260744537600985
1250,6.0,10.0,0.88,0.2981861245595444
1251,6.0,10.0,0.9,0.31379880888729045
1252,6.0,10.0,0.92,0.354577105514048
1253,6.0,10.0,0.94,0.33934798785400694
1254,6.0,10.0,0.96,0.35907016077457804
1255,6.0,10.0,0.98,0.33023007105240476
1256,6.0,10.0,0.99,0.36249899551752623
1257,6.0,10.0,0.999,0.39266124153210336
1258,6.0,10.0,0.9999,0.35859291805516375
1259,6.0,10.0,1.0,0.3538803554293819
1260,7.0,1.0,0.1,0.8813889536424078
1261,7.0,1.0,0.2,0.8796454890228638
1262,7.0,1.0,0.3,0.8895935292913406
1263,7.0,1.0,0.4,0.8826708711170449
1264,7.0,1.0,0.5,0.8673868804971702
1265,7.0,1.0,0.6,0.8830117523632547
1266,7.0,1.0,0.7,0.870492700409911
1267,7.0,1.0,0.8,0.8583722038688865
1268,7.0,1.0,0.82,0.8560953174612804
1269,7.0,1.0,0.84,0.8663995183866285
1270,7.0,1.0,0.86,0.8648285743981363
1271,7.0,1.0,0.88,0.8595992168573868
1272,7.0,1.0,0.9,0.8578356153733336
1273,7.0,1.0,0.92,0.8362534418822666
1274,7.0,1.0,0.94,0.8484185873084131
1275,7.0,1.0,0.96,0.8284584713664459
1276,7.0,1.0,0.98,0.8413472281770461
1277,7.0,1.0,0.99,0.8515430883133897
1278,7.0,1.0,0.999,0.8526449481932076
1279,7.0,1.0,0.9999,0.8278362748675313
1280,7.0,1.0,1.0,0.8328536377334085
1281,7.0,2.0,0.1,0.8205944533904775
1282,7.0,2.0,0.2,0.8106935497198468
1283,7.0,2.0,0.3,0.8163542278362171
1284,7.0,2.0,0.4,0.8188051477037375
1285,7.0,2.0,0.5,0.8198630040204316
1286,7.0,2.0,0.6,0.8112092241187082
1287,7.0,2.0,0.7,0.8044165208507909
1288,7.0,2.0,0.8,0.8012731495877489
1289,7.0,2.0,0.82,0.8037478822310326
1290,7.0,2.0,0.84,0.8057398269043885
1291,7.0,2.0,0.86,0.7844003605136656
1292,7.0,2.0,0.88,0.7900035194399012
1293,7.0,2.0,0.9,0.7891505863930139
1294,7.0,2.0,0.92,0.7929294776975174
1295,7.0,2.0,0.94,0.7810675335593272
1296,7.0,2.0,0.96,0.7973633374867027
1297,7.0,2.0,0.98,0.771787019723832
1298,7.0,2.0,0.99,0.7902274931046211
1299,7.0,2.0,0.999,0.7891010924223676
1300,7.0,2.0,0.9999,0.776446269548915
1301,7.0,2.0,1.0,0.7880601750722727
1302,7.0,3.0,0.1,0.7135148253596835
1303,7.0,3.0,0.2,0.7060147968736399
1304,7.0,3.0,0.3,0.6962452647364921
1305,7.0,3.0,0.4,0.6859776519405915
1306,7.0,3.0,0.5,0.7004825228470113
1307,7.0,3.0,0.6,0.694405301028519
1308,7.0,3.0,0.7,0.6711526580509544
1309,7.0,3.0,0.8,0.6836778279475075
1310,7.0,3.0,0.82,0.6723268883936349
1311,7.0,3.0,0.84,0.6769064338080153
1312,7.0,3.0,0.86,0.6852435255627203
1313,7.0,3.0,0.88,0.6714639483844705
1314,7.0,3.0,0.9,0.6469914409646981
1315,7.0,3.0,0.92,0.6580475988723411
1316,7.0,3.0,0.94,0.6676824936911226
1317,7.0,3.0,0.96,0.6666484477182486
1318,7.0,3.0,0.98,0.654778783274567
1319,7.0,3.0,0.99,0.6842935299477774
1320,7.0,3.0,0.999,0.6761370335900533
1321,7.0,3.0,0.9999,0.6747468490232101
1322,7.0,3.0,1.0,0.6814833921282125
1323,7.0,4.0,0.1,0.6721015442938376
1324,7.0,4.0,0.2,0.6682699078406235
1325,7.0,4.0,0.3,0.6629707094088589
1326,7.0,4.0,0.4,0.6718459916641967
1327,7.0,4.0,0.5,0.6502847980012892
1328,7.0,4.0,0.6,0.6530315851398769
1329,7.0,4.0,0.7,0.6620448516409355
1330,7.0,4.0,0.8,0.656559473030261
1331,7.0,4.0,0.82,0.6511066340271904
1332,7.0,4.0,0.84,0.6401867488221213
1333,7.0,4.0,0.86,0.6536703380743362
1334,7.0,4.0,0.88,0.6402627253164177
1335,7.0,4.0,0.9,0.6312041813586411
1336,7.0,4.0,0.92,0.6477782782820223
1337,7.0,4.0,0.94,0.6328376334304425
1338,7.0,4.0,0.96,0.651641169039204
1339,7.0,4.0,0.98,0.6440896643530424
1340,7.0,4.0,0.99,0.631293838802764
1341,7.0,4.0,0.999,0.6538471933916333
1342,7.0,4.0,0.9999,0.6417890674051998
1343,7.0,4.0,1.0,0.6457785658785087
1344,7.0,5.0,0.1,0.6229179668190286
1345,7.0,5.0,0.2,0.6127965230924529
1346,7.0,5.0,0.3,0.6156512550013727
1347,7.0,5.0,0.4,0.6083224655792027
1348,7.0,5.0,0.5,0.5947891293582649
1349,7.0,5.0,0.6,0.5932627162035032
1350,7.0,5.0,0.7,0.5573737692782302
1351,7.0,5.0,0.8,0.5868699641901821
1352,7.0,5.0,0.82,0.6023816429324375
1353,7.0,5.0,0.84,0.5816879374382768
1354,7.0,5.0,0.86,0.5661797874540307
1355,7.0,5.0,0.88,0.541600659896207
1356,7.0,5.0,0.9,0.5797958487075897
1357,7.0,5.0,0.92,0.5292697060652499
1358,7.0,5.0,0.94,0.5642650983260861
1359,7.0,5.0,0.96,0.5737122977194367
1360,7.0,5.0,0.98,0.5810927343984473
1361,7.0,5.0,0.99,0.5380718150405724
1362,7.0,5.0,0.999,0.5745681724285681
1363,7.0,5.0,0.9999,0.5776117673655371
1364,7.0,5.0,1.0,0.608364783509489
1365,7.0,6.0,0.1,0.5481465166885356
1366,7.0,6.0,0.2,0.5492201424052868
1367,7.0,6.0,0.3,0.5343428863080494
1368,7.0,6.0,0.4,0.5342891091148375
1369,7.0,6.0,0.5,0.5398040764929408
1370,7.0,6.0,0.6,0.54098216378936
1371,7.0,6.0,0.7,0.5206249952769837
1372,7.0,6.0,0.8,0.5097457706413967
1373,7.0,6.0,0.82,0.4984158475907095
1374,7.0,6.0,0.84,0.4955782829788411
1375,7.0,6.0,0.86,0.5051778859836022
1376,7.0,6.0,0.88,0.513433751011686
1377,7.0,6.0,0.9,0.5041436076836233
1378,7.0,6.0,0.92,0.5030684975001328
1379,7.0,6.0,0.94,0.515408015520827
1380,7.0,6.0,0.96,0.5124387471354249
1381,7.0,6.0,0.98,0.5170956509450487
1382,7.0,6.0,0.99,0.4974200082018569
1383,7.0,6.0,0.999,0.5266255958711828
1384,7.0,6.0,0.9999,0.507835864682354
1385,7.0,6.0,1.0,0.524998172367603
1386,7.0,7.0,0.1,0.4952110274772974
1387,7.0,7.0,0.2,0.49192160457237377
1388,7.0,7.0,0.3,0.4811176290351661
1389,7.0,7.0,0.4,0.49185217042550305
1390,7.0,7.0,0.5,0.48087714615129473
1391,7.0,7.0,0.6,0.4633108286403047
1392,7.0,7.0,0.7,0.4666564936747214
1393,7.0,7.0,0.8,0.45872651089210975
1394,7.0,7.0,0.82,0.4288112784848177
1395,7.0,7.0,0.84,0.44869048981038023
1396,7.0,7.0,0.86,0.44338507197449756
1397,7.0,7.0,0.88,0.4390372578065833
1398,7.0,7.0,0.9,0.44058577484214234
1399,7.0,7.0,0.92,0.4489829702237263
1400,7.0,7.0,0.94,0.45149327283000157
1401,7.0,7.0,0.96,0.44411590969243125
1402,7.0,7.0,0.98,0.4427078193493384
1403,7.0,7.0,0.99,0.4636871515860913
1404,7.0,7.0,0.999,0.46181879787947827
1405,7.0,7.0,0.9999,0.453078312023151
1406,7.0,7.0,1.0,0.46140845969521055
1407,7.0,8.0,0.1,0.4355321941044761
1408,7.0,8.0,0.2,0.4336986449362558
1409,7.0,8.0,0.3,0.42878997604266555
1410,7.0,8.0,0.4,0.4385551519674953
1411,7.0,8.0,0.5,0.43314987862886634
1412,7.0,8.0,0.6,0.39842691785092343
1413,7.0,8.0,0.7,0.43785199011021886
1414,7.0,8.0,0.8,0.4173396532537969
1415,7.0,8.0,0.82,0.38085465371225113
1416,7.0,8.0,0.84,0.38510636662202313
1417,7.0,8.0,0.86,0.392707279751029
1418,7.0,8.0,0.88,0.41204319564005454
1419,7.0,8.0,0.9,0.4011120892648203
1420,7.0,8.0,0.92,0.39223633781943246
1421,7.0,8.0,0.94,0.41854109464276307
1422,7.0,8.0,0.96,0.41637228735718423
1423,7.0,8.0,0.98,0.41252163960753196
1424,7.0,8.0,0.99,0.43806703293879323
1425,7.0,8.0,0.999,0.4414086497194542
1426,7.0,8.0,0.9999,0.45280629355702673
1427,7.0,8.0,1.0,0.42866396073418656
1428,7.0,9.0,0.1,0.37481473336572385
1429,7.0,9.0,0.2,0.403837635857724
1430,7.0,9.0,0.3,0.34785776895951853
1431,7.0,9.0,0.4,0.4131879245321042
1432,7.0,9.0,0.5,0.38375376704074876
1433,7.0,9.0,0.6,0.3637475774405469
1434,7.0,9.0,0.7,0.39042688844672185
1435,7.0,9.0,0.8,0.35991339201518624
1436,7.0,9.0,0.82,0.372132890505936
1437,7.0,9.0,0.84,0.35689895009349054
1438,7.0,9.0,0.86,0.34228900755236136
1439,7.0,9.0,0.88,0.3789953760365868
1440,7.0,9.0,0.9,0.3846498006039796
1441,7.0,9.0,0.92,0.35629407898361976
1442,7.0,9.0,0.94,0.3909310600189626
1443,7.0,9.0,0.96,0.368642353801629
1444,7.0,9.0,0.98,0.40721810870956715
1445,7.0,9.0,0.99,0.3847244319339819
1446,7.0,9.0,0.999,0.40372201326815566
1447,7.0,9.0,0.9999,0.39749332289029865
1448,7.0,9.0,1.0,0.3654681727369755
1449,7.0,10.0,0.1,0.4054592092095284
1450,7.0,10.0,0.2,0.39454133181236606
1451,7.0,10.0,0.3,0.40477180034906607
1452,7.0,10.0,0.4,0.38170283819303114
1453,7.0,10.0,0.5,0.3695681384906195
1454,7.0,10.0,0.6,0.3822129258421174
1455,7.0,10.0,0.7,0.3570417318350046
1456,7.0,10.0,0.8,0.3494460701960188
1457,7.0,10.0,0.82,0.34622009528474984
1458,7.0,10.0,0.84,0.3598352907927268
1459,7.0,10.0,0.86,0.34724077341006937
1460,7.0,10.0,0.88,0.37440461897764193
1461,7.0,10.0,0.9,0.36518475527696065
1462,7.0,10.0,0.92,0.3488150911896064
1463,7.0,10.0,0.94,0.3702525387654422
1464,7.0,10.0,0.96,0.3666475554808288
1465,7.0,10.0,0.98,0.38388441185730054
1466,7.0,10.0,0.99,0.34788664184770124
1467,7.0,10.0,0.999,0.37423948713107236
1468,7.0,10.0,0.9999,0.39091543120923966
1469,7.0,10.0,1.0,0.3703588215746139
1470,8.0,1.0,0.1,0.8990271855588294
1471,8.0,1.0,0.2,0.9005615848752944
1472,8.0,1.0,0.3,0.8933369680831847
1473,8.0,1.0,0.4,0.8832495651898478
1474,8.0,1.0,0.5,0.8895574388484521
1475,8.0,1.0,0.6,0.8771981947963734
1476,8.0,1.0,0.7,0.8826972277532689
1477,8.0,1.0,0.8,0.87606402712552
1478,8.0,1.0,0.82,0.8704284879117685
1479,8.0,1.0,0.84,0.8592823939097224
1480,8.0,1.0,0.86,0.8636258816951614
1481,8.0,1.0,0.88,0.8722428765388338
1482,8.0,1.0,0.9,0.8356699819426341
1483,8.0,1.0,0.92,0.8429264902097808
1484,8.0,1.0,0.94,0.8593750155807041
1485,8.0,1.0,0.96,0.841578847199195
1486,8.0,1.0,0.98,0.8586229030348883
1487,8.0,1.0,0.99,0.8284257875250429
1488,8.0,1.0,0.999,0.8695668255967101
1489,8.0,1.0,0.9999,0.8306451855452051
1490,8.0,1.0,1.0,0.823019701327534
1491,8.0,2.0,0.1,0.8266676622557292
1492,8.0,2.0,0.2,0.8243494034696432
1493,8.0,2.0,0.3,0.8175859449369418
1494,8.0,2.0,0.4,0.8198774985273896
1495,8.0,2.0,0.5,0.8220833152775264
1496,8.0,2.0,0.6,0.8108822702567052
1497,8.0,2.0,0.7,0.7952350847869367
1498,8.0,2.0,0.8,0.793280256340606
1499,8.0,2.0,0.82,0.7895619207805054
1500,8.0,2.0,0.84,0.7917333388020005
1501,8.0,2.0,0.86,0.7633427105155952
1502,8.0,2.0,0.88,0.7717296718158884
1503,8.0,2.0,0.9,0.7656773168396576
1504,8.0,2.0,0.92,0.7500422163499731
1505,8.0,2.0,0.94,0.7795249755044075
1506,8.0,2.0,0.96,0.7744465586182971
1507,8.0,2.0,0.98,0.7768144593046248
1508,8.0,2.0,0.99,0.7516587573608091
1509,8.0,2.0,0.999,0.7544157208293782
1510,8.0,2.0,0.9999,0.7884715874176491
1511,8.0,2.0,1.0,0.7573887018595677
1512,8.0,3.0,0.1,0.7637248085285476
1513,8.0,3.0,0.2,0.7745088274200558
1514,8.0,3.0,0.3,0.7553355201487629
1515,8.0,3.0,0.4,0.7666944318042261
1516,8.0,3.0,0.5,0.758942867680135
1517,8.0,3.0,0.6,0.7552373343781024
1518,8.0,3.0,0.7,0.7372185249598846
1519,8.0,3.0,0.8,0.7397839458240462
1520,8.0,3.0,0.82,0.7203593826441724
1521,8.0,3.0,0.84,0.7264428398574688
1522,8.0,3.0,0.86,0.7415513686642703
1523,8.0,3.0,0.88,0.7376593331666261
1524,8.0,3.0,0.9,0.7398418472134437
1525,8.0,3.0,0.92,0.7174095131734923
1526,8.0,3.0,0.94,0.7275231097439295
1527,8.0,3.0,0.96,0.7338902754500516
1528,8.0,3.0,0.98,0.7249703692944148
1529,8.0,3.0,0.99,0.7097484528233168
1530,8.0,3.0,0.999,0.6924769081409538
1531,8.0,3.0,0.9999,0.7481002481977872
1532,8.0,3.0,1.0,0.7111881137274648
1533,8.0,4.0,0.1,0.6752354611278726
1534,8.0,4.0,0.2,0.6601785728433894
1535,8.0,4.0,0.3,0.6521771944506662
1536,8.0,4.0,0.4,0.6477553500829866
1537,8.0,4.0,0.5,0.6397354141363514
1538,8.0,4.0,0.6,0.6531624044491617
1539,8.0,4.0,0.7,0.6407889720308719
1540,8.0,4.0,0.8,0.6282639893453277
1541,8.0,4.0,0.82,0.6060514477952905
1542,8.0,4.0,0.84,0.6273496672016455
1543,8.0,4.0,0.86,0.6179767543790272
1544,8.0,4.0,0.88,0.6241304917835468
1545,8.0,4.0,0.9,0.6091120602583339
1546,8.0,4.0,0.92,0.6021707026618283
1547,8.0,4.0,0.94,0.5926446815440356
1548,8.0,4.0,0.96,0.5949889081789022
1549,8.0,4.0,0.98,0.6243529293295065
1550,8.0,4.0,0.99,0.6058145514539348
1551,8.0,4.0,0.999,0.6301603509816193
1552,8.0,4.0,0.9999,0.6031088515942364
1553,8.0,4.0,1.0,0.5928250032521448
1554,8.0,5.0,0.1,0.6463914165509846
1555,8.0,5.0,0.2,0.6292690099096924
1556,8.0,5.0,0.3,0.6203907420330866
1557,8.0,5.0,0.4,0.6253216420825092
1558,8.0,5.0,0.5,0.6176287822046107
1559,8.0,5.0,0.6,0.5953244037558241
1560,8.0,5.0,0.7,0.6091488447493718
1561,8.0,5.0,0.8,0.6120628768126148
1562,8.0,5.0,0.82,0.5901841437765042
1563,8.0,5.0,0.84,0.6054663533388579
1564,8.0,5.0,0.86,0.5916286519547008
1565,8.0,5.0,0.88,0.5859985512909627
1566,8.0,5.0,0.9,0.5707277125039845
1567,8.0,5.0,0.92,0.5719693349673095
1568,8.0,5.0,0.94,0.5962533619897475
1569,8.0,5.0,0.96,0.595533998432913
1570,8.0,5.0,0.98,0.5745036627051656
1571,8.0,5.0,0.99,0.582913502018843
1572,8.0,5.0,0.999,0.5922039157501796
1573,8.0,5.0,0.9999,0.6169745230412848
1574,8.0,5.0,1.0,0.5943750953233704
1575,8.0,6.0,0.1,0.6006727702862785
1576,8.0,6.0,0.2,0.6014218455537595
1577,8.0,6.0,0.3,0.5977967233050472
1578,8.0,6.0,0.4,0.5713895041997914
1579,8.0,6.0,0.5,0.570865715293439
1580,8.0,6.0,0.6,0.581945170568138
1581,8.0,6.0,0.7,0.5767087490388754
1582,8.0,6.0,0.8,0.5687885193122353
1583,8.0,6.0,0.82,0.5565618057341856
1584,8.0,6.0,0.84,0.5604041151756171
1585,8.0,6.0,0.86,0.5537089813218171
1586,8.0,6.0,0.88,0.5703793706016507
1587,8.0,6.0,0.9,0.5528190998136301
1588,8.0,6.0,0.92,0.5488248736813749
1589,8.0,6.0,0.94,0.5461839995319074
1590,8.0,6.0,0.96,0.5537584267974767
1591,8.0,6.0,0.98,0.5674384325676037
1592,8.0,6.0,0.99,0.555048404909907
1593,8.0,6.0,0.999,0.5642960097496796
1594,8.0,6.0,0.9999,0.5661431294737304
1595,8.0,6.0,1.0,0.5716088829300974
1596,8.0,7.0,0.1,0.5149432527884937
1597,8.0,7.0,0.2,0.49722218173434396
1598,8.0,7.0,0.3,0.49051273763574477
1599,8.0,7.0,0.4,0.4957231559235257
1600,8.0,7.0,0.5,0.49793114938088473
1601,8.0,7.0,0.6,0.4610588601065544
1602,8.0,7.0,0.7,0.4424707875409905
1603,8.0,7.0,0.8,0.43460650113110766
1604,8.0,7.0,0.82,0.4505839635275889
1605,8.0,7.0,0.84,0.4122097291620973
1606,8.0,7.0,0.86,0.3770249720018555
1607,8.0,7.0,0.88,0.4248917455645191
1608,8.0,7.0,0.9,0.4120872304782167
1609,8.0,7.0,0.92,0.4452852973570502
1610,8.0,7.0,0.94,0.3878017794649192
1611,8.0,7.0,0.96,0.40480130820784876
1612,8.0,7.0,0.98,0.39331359828873164
1613,8.0,7.0,0.99,0.4496920125370266
1614,8.0,7.0,0.999,0.4686911101633848
1615,8.0,7.0,0.9999,0.45321071715925476
1616,8.0,7.0,1.0,0.35138915568765056
1617,8.0,8.0,0.1,0.4562512791780245
1618,8.0,8.0,0.2,0.46437021226372227
1619,8.0,8.0,0.3,0.4487515515544677
1620,8.0,8.0,0.4,0.4394640005786942
1621,8.0,8.0,0.5,0.4296846477193426
1622,8.0,8.0,0.6,0.4317018662389349
1623,8.0,8.0,0.7,0.4184106004086035
1624,8.0,8.0,0.8,0.4358019725439302
1625,8.0,8.0,0.82,0.41561451994263326
1626,8.0,8.0,0.84,0.3950064554253839
1627,8.0,8.0,0.86,0.38219714983796327
1628,8.0,8.0,0.88,0.38273575707971436
1629,8.0,8.0,0.9,0.45302695124311376
1630,8.0,8.0,0.92,0.3525522369109795
1631,8.0,8.0,0.94,0.3731950357547831
1632,8.0,8.0,0.96,0.4420207350059057
1633,8.0,8.0,0.98,0.41091618451475287
1634,8.0,8.0,0.99,0.42486668879438916
1635,8.0,8.0,0.999,0.45811167612813186
1636,8.0,8.0,0.9999,0.49503171275234825
1637,8.0,8.0,1.0,0.47346794959928823
1638,8.0,9.0,0.1,0.4483393201221216
1639,8.0,9.0,0.2,0.4468922763117359
1640,8.0,9.0,0.3,0.4482118191231452
1641,8.0,9.0,0.4,0.43276972831195626
1642,8.0,9.0,0.5,0.4201737107628682
1643,8.0,9.0,0.6,0.4252646999748649
1644,8.0,9.0,0.7,0.407122492522022
1645,8.0,9.0,0.8,0.3932833479734867
1646,8.0,9.0,0.82,0.4036518303289847
1647,8.0,9.0,0.84,0.4157477430918702
1648,8.0,9.0,0.86,0.3903367200391147
1649,8.0,9.0,0.88,0.4044419266097047
1650,8.0,9.0,0.9,0.37517718577003256
1651,8.0,9.0,0.92,0.3914300409408869
1652,8.0,9.0,0.94,0.4354872027178631
1653,8.0,9.0,0.96,0.4063558238030157
1654,8.0,9.0,0.98,0.4035445606371843
1655,8.0,9.0,0.99,0.4257183861841563
1656,8.0,9.0,0.999,0.4193976764644758
1657,8.0,9.0,0.9999,0.4315303192482188
1658,8.0,9.0,1.0,0.4069232602358006
1659,8.0,10.0,0.1,0.37433431811336426
1660,8.0,10.0,0.2,0.3842233776663211
1661,8.0,10.0,0.3,0.3729110416999603
1662,8.0,10.0,0.4,0.36619185335673904
1663,8.0,10.0,0.5,0.3609235043000629
1664,8.0,10.0,0.6,0.35728421140837086
1665,8.0,10.0,0.7,0.35256330410564457
1666,8.0,10.0,0.8,0.31115966199091794
1667,8.0,10.0,0.82,0.3547859954936563
1668,8.0,10.0,0.84,0.33991395644660094
1669,8.0,10.0,0.86,0.35898558903126865
1670,8.0,10.0,0.88,0.32538070045928574
1671,8.0,10.0,0.9,0.33860010235790755
1672,8.0,10.0,0.92,0.31084405780142194
1673,8.0,10.0,0.94,0.34530779896079944
1674,8.0,10.0,0.96,0.3580063584816166
1675,8.0,10.0,0.98,0.3223054358326568
1676,8.0,10.0,0.99,0.3373934429331699
1677,8.0,10.0,0.999,0.3482874796189201
1678,8.0,10.0,0.9999,0.3881684212453345
1679,8.0,10.0,1.0,0.346038023033452
1680,9.0,1.0,0.1,0.892393055331686
1681,9.0,1.0,0.2,0.8747934683447803
1682,9.0,1.0,0.3,0.8826572912975755
1683,9.0,1.0,0.4,0.8821245438489309
1684,9.0,1.0,0.5,0.8787039126497408
1685,9.0,1.0,0.6,0.8896671551947927
1686,9.0,1.0,0.7,0.8745298469978854
1687,9.0,1.0,0.8,0.8717762761875083
1688,9.0,1.0,0.82,0.8684567292314527
1689,9.0,1.0,0.84,0.8780684057681253
1690,9.0,1.0,0.86,0.8527067618574288
1691,9.0,1.0,0.88,0.860324742838617
1692,9.0,1.0,0.9,0.8643558120903577
1693,9.0,1.0,0.92,0.858622627366864
1694,9.0,1.0,0.94,0.8532596514605693
1695,9.0,1.0,0.96,0.8441051258866421
1696,9.0,1.0,0.98,0.8444056812798237
1697,9.0,1.0,0.99,0.8457327739800201
1698,9.0,1.0,0.999,0.8265916144638109
1699,9.0,1.0,0.9999,0.835511236954219
1700,9.0,1.0,1.0,0.8469911932992364
1701,9.0,2.0,0.1,0.8180639161649346
1702,9.0,2.0,0.2,0.8083204877785592
1703,9.0,2.0,0.3,0.8131971297313693
1704,9.0,2.0,0.4,0.812625417367109
1705,9.0,2.0,0.5,0.8025401296348684
1706,9.0,2.0,0.6,0.8011507580881004
1707,9.0,2.0,0.7,0.7872205261110778
1708,9.0,2.0,0.8,0.7890865135484816
1709,9.0,2.0,0.82,0.7825775871685761
1710,9.0,2.0,0.84,0.7851653285808995
1711,9.0,2.0,0.86,0.7644412792980302
1712,9.0,2.0,0.88,0.7871662967553485
1713,9.0,2.0,0.9,0.7770458831136045
1714,9.0,2.0,0.92,0.7746608830039708
1715,9.0,2.0,0.94,0.7652633830293786
1716,9.0,2.0,0.96,0.756217748957774
1717,9.0,2.0,0.98,0.7720264852540724
1718,9.0,2.0,0.99,0.7419094293482413
1719,9.0,2.0,0.999,0.7603057126845343
1720,9.0,2.0,0.9999,0.7828584242594998
1721,9.0,2.0,1.0,0.75807663479456
1722,9.0,3.0,0.1,0.7445886954270345
1723,9.0,3.0,0.2,0.7509824022671036
1724,9.0,3.0,0.3,0.7490157467290403
1725,9.0,3.0,0.4,0.7254140036713022
1726,9.0,3.0,0.5,0.735180999506665
1727,9.0,3.0,0.6,0.7321779343399583
1728,9.0,3.0,0.7,0.7209868652224265
1729,9.0,3.0,0.8,0.7091387884575231
1730,9.0,3.0,0.82,0.7174959367767276
1731,9.0,3.0,0.84,0.7109002442273143
1732,9.0,3.0,0.86,0.713523615525411
1733,9.0,3.0,0.88,0.6978768133728036
1734,9.0,3.0,0.9,0.703490387804209
1735,9.0,3.0,0.92,0.6976378494805017
1736,9.0,3.0,0.94,0.6910206436898975
1737,9.0,3.0,0.96,0.7080358296863657
1738,9.0,3.0,0.98,0.6781367932791916
1739,9.0,3.0,0.99,0.7041436281739183
1740,9.0,3.0,0.999,0.7065243336367365
1741,9.0,3.0,0.9999,0.7165446050616385
1742,9.0,3.0,1.0,0.7003638664706694
1743,9.0,4.0,0.1,0.6344090600622432
1744,9.0,4.0,0.2,0.6274278008400936
1745,9.0,4.0,0.3,0.6233669882672555
1746,9.0,4.0,0.4,0.6315843420928969
1747,9.0,4.0,0.5,0.6269092766098165
1748,9.0,4.0,0.6,0.6301468035640742
1749,9.0,4.0,0.7,0.6090128590101295
1750,9.0,4.0,0.8,0.6086598235417627
1751,9.0,4.0,0.82,0.6155272180279397
1752,9.0,4.0,0.84,0.5932868243236378
1753,9.0,4.0,0.86,0.6053471539542631
1754,9.0,4.0,0.88,0.5451257603805686
1755,9.0,4.0,0.9,0.5903798449277576
1756,9.0,4.0,0.92,0.5742112327706607
1757,9.0,4.0,0.94,0.5950464186878478
1758,9.0,4.0,0.96,0.5950614149804051
1759,9.0,4.0,0.98,0.5745720666660943
1760,9.0,4.0,0.99,0.5433380324541945
1761,9.0,4.0,0.999,0.5915978694423231
1762,9.0,4.0,0.9999,0.5942665790098569
1763,9.0,4.0,1.0,0.6483955779082415
1764,9.0,5.0,0.1,0.5825874865742245
1765,9.0,5.0,0.2,0.5726077496092087
1766,9.0,5.0,0.3,0.5952307598341803
1767,9.0,5.0,0.4,0.5766764315071364
1768,9.0,5.0,0.5,0.5568609160225099
1769,9.0,5.0,0.6,0.5773905288798459
1770,9.0,5.0,0.7,0.5850130583490555
1771,9.0,5.0,0.8,0.5600496637345517
1772,9.0,5.0,0.82,0.5721278923247183
1773,9.0,5.0,0.84,0.5526746550212746
1774,9.0,5.0,0.86,0.5518394872405515
1775,9.0,5.0,0.88,0.5474775691487425
1776,9.0,5.0,0.9,0.5592242036745952
1777,9.0,5.0,0.92,0.5522156514381587
1778,9.0,5.0,0.94,0.5127972197827156
1779,9.0,5.0,0.96,0.5381989589562899
1780,9.0,5.0,0.98,0.5518634037479296
1781,9.0,5.0,0.99,0.5444870206524853
1782,9.0,5.0,0.999,0.5394492834421498
1783,9.0,5.0,0.9999,0.5415610435934487
1784,9.0,5.0,1.0,0.5544363292966925
1785,9.0,6.0,0.1,0.4793329657771927
1786,9.0,6.0,0.2,0.4463108410606523
1787,9.0,6.0,0.3,0.45109677380314706
1788,9.0,6.0,0.4,0.44056301141155707
1789,9.0,6.0,0.5,0.45415841744195584
1790,9.0,6.0,0.6,0.43414157738920683
1791,9.0,6.0,0.7,0.44859997010584945
1792,9.0,6.0,0.8,0.38421526003354195
1793,9.0,6.0,0.82,0.45632053630613
1794,9.0,6.0,0.84,0.3946073017813648
1795,9.0,6.0,0.86,0.4131770662562165
1796,9.0,6.0,0.88,0.42412624427022977
1797,9.0,6.0,0.9,0.4447084521320836
1798,9.0,6.0,0.92,0.41790039878221097
1799,9.0,6.0,0.94,0.4350502798865746
1800,9.0,6.0,0.96,0.3862293810389913
1801,9.0,6.0,0.98,0.4192130993115775
1802,9.0,6.0,0.99,0.4273242161108219
1803,9.0,6.0,0.999,0.4452954939745552
1804,9.0,6.0,0.9999,0.3570158594531827
1805,9.0,6.0,1.0,0.4639599961998843
1806,9.0,7.0,0.1,0.4521642392479968
1807,9.0,7.0,0.2,0.4471277517306018
1808,9.0,7.0,0.3,0.4445527194583684
1809,9.0,7.0,0.4,0.47038638293682344
1810,9.0,7.0,0.5,0.42182451405420607
1811,9.0,7.0,0.6,0.439017774244937
1812,9.0,7.0,0.7,0.44865573112607193
1813,9.0,7.0,0.8,0.39941661121243816
1814,9.0,7.0,0.82,0.42515167601216025
1815,9.0,7.0,0.84,0.4035859584136556
1816,9.0,7.0,0.86,0.4071993504618894
1817,9.0,7.0,0.88,0.39923844832451166
1818,9.0,7.0,0.9,0.37430399309298873
1819,9.0,7.0,0.92,0.4115671403860977
1820,9.0,7.0,0.94,0.39651779779040747
1821,9.0,7.0,0.96,0.40211861995155945
1822,9.0,7.0,0.98,0.4026496297978658
1823,9.0,7.0,0.99,0.40204174062037973
1824,9.0,7.0,0.999,0.3918728770645958
1825,9.0,7.0,0.9999,0.39962639574259257
1826,9.0,7.0,1.0,0.3976908174337724
1827,9.0,8.0,0.1,0.4211339668489657
1828,9.0,8.0,0.2,0.4324334508249002
1829,9.0,8.0,0.3,0.3893753979719322
1830,9.0,8.0,0.4,0.4187981829953894
1831,9.0,8.0,0.5,0.41715003422875024
1832,9.0,8.0,0.6,0.39084318800436074
1833,9.0,8.0,0.7,0.38186969259196113
1834,9.0,8.0,0.8,0.4079655907371796
1835,9.0,8.0,0.82,0.3811393238705156
1836,9.0,8.0,0.84,0.3624527700088849
1837,9.0,8.0,0.86,0.3520241421889633
1838,9.0,8.0,0.88,0.3483487394523614
1839,9.0,8.0,0.9,0.343982188423431
1840,9.0,8.0,0.92,0.3536285665507054
1841,9.0,8.0,0.94,0.3905172274375963
1842,9.0,8.0,0.96,0.36380492021870914
1843,9.0,8.0,0.98,0.4020673682924398
1844,9.0,8.0,0.99,0.3880593389096297
1845,9.0,8.0,0.999,0.4483596750621483
1846,9.0,8.0,0.9999,0.41274281475147995
1847,9.0,8.0,1.0,0.3660065250145939
1848,9.0,9.0,0.1,0.4531956733311757
1849,9.0,9.0,0.2,0.419518452011078
1850,9.0,9.0,0.3,0.3618663028865246
1851,9.0,9.0,0.4,0.38999572736255633
1852,9.0,9.0,0.5,0.3748301462337643
1853,9.0,9.0,0.6,0.371058102986592
1854,9.0,9.0,0.7,0.36144629902203024
1855,9.0,9.0,0.8,0.3510716557924892
1856,9.0,9.0,0.82,0.3563691283310163
1857,9.0,9.0,0.84,0.3481639790182796
1858,9.0,9.0,0.86,0.3831202229105413
1859,9.0,9.0,0.88,0.3440757727885956
1860,9.0,9.0,0.9,0.34836005159580213
1861,9.0,9.0,0.92,0.3606908069369287
1862,9.0,9.0,0.94,0.3510231126113609
1863,9.0,9.0,0.96,0.36331515416047266
1864,9.0,9.0,0.98,0.36378926716506355
1865,9.0,9.0,0.99,0.3374757951529953
1866,9.0,9.0,0.999,0.36613652110693706
1867,9.0,9.0,0.9999,0.38325805279395975
1868,9.0,9.0,1.0,0.3604403978927402
1869,9.0,10.0,0.1,0.35506667961928073
1870,9.0,10.0,0.2,0.338552469842811
1871,9.0,10.0,0.3,0.3403580866015738
1872,9.0,10.0,0.4,0.33308406972973115
1873,9.0,10.0,0.5,0.33465453559039027
1874,9.0,10.0,0.6,0.3047957246595472
1875,9.0,10.0,0.7,0.3011306589076636
1876,9.0,10.0,0.8,0.3255771966565881
1877,9.0,10.0,0.82,0.29471072623669736
1878,9.0,10.0,0.84,0.29816218474964995
1879,9.0,10.0,0.86,0.3180464134709518
1880,9.0,10.0,0.88,0.3128880087040851
1881,9.0,10.0,0.9,0.2914525462981253
1882,9.0,10.0,0.92,0.2963382915024738
1883,9.0,10.0,0.94,0.27538234656659244
1884,9.0,10.0,0.96,0.3067006482135901
1885,9.0,10.0,0.98,0.30946968406949993
1886,9.0,10.0,0.99,0.31949067691960675
1887,9.0,10.0,0.999,0.3518643043730801
1888,9.0,10.0,0.9999,0.32313236519687827
1889,9.0,10.0,1.0,0.3401635424636003
1890,10.0,1.0,0.1,0.9037153948298204
1891,10.0,1.0,0.2,0.887813516144546
1892,10.0,1.0,0.3,0.8936338959058386
1893,10.0,1.0,0.4,0.887469259426318
1894,10.0,1.0,0.5,0.8966984808634754
1895,10.0,1.0,0.6,0.8932901279621156
1896,10.0,1.0,0.7,0.8754336339370133
1897,10.0,1.0,0.8,0.8730555501377939
1898,10.0,1.0,0.82,0.8835334924538146
1899,10.0,1.0,0.84,0.8571461668721155
1900,10.0,1.0,0.86,0.8618576623940088
1901,10.0,1.0,0.88,0.8564511924453587
1902,10.0,1.0,0.9,0.8600184435742269
1903,10.0,1.0,0.92,0.8456077212694579
1904,10.0,1.0,0.94,0.8631470548325959
1905,10.0,1.0,0.96,0.8459014762701403
1906,10.0,1.0,0.98,0.8563540109705309
1907,10.0,1.0,0.99,0.8473867430921911
1908,10.0,1.0,0.999,0.8423264354198967
1909,10.0,1.0,0.9999,0.8565461732973175
1910,10.0,1.0,1.0,0.8361514232371343
1911,10.0,2.0,0.1,0.8066574758797845
1912,10.0,2.0,0.2,0.7961630814666776
1913,10.0,2.0,0.3,0.7981847247582499
1914,10.0,2.0,0.4,0.7921067102667996
1915,10.0,2.0,0.5,0.801367133255284
1916,10.0,2.0,0.6,0.8050593899708003
1917,10.0,2.0,0.7,0.7854393727996459
1918,10.0,2.0,0.8,0.768120521101863
1919,10.0,2.0,0.82,0.7523118826569801
1920,10.0,2.0,0.84,0.7910095645511357
1921,10.0,2.0,0.86,0.7791032197819758
1922,10.0,2.0,0.88,0.781230245816889
1923,10.0,2.0,0.9,0.766008935571625
1924,10.0,2.0,0.92,0.7718060666678109
1925,10.0,2.0,0.94,0.7722985154850064
1926,10.0,2.0,0.96,0.7589674034123642
1927,10.0,2.0,0.98,0.7840310351416758
1928,10.0,2.0,0.99,0.74196876187168
1929,10.0,2.0,0.999,0.7464477199516807
1930,10.0,2.0,0.9999,0.7554165787129007
1931,10.0,2.0,1.0,0.7447171518345514
1932,10.0,3.0,0.1,0.7302204985919045
1933,10.0,3.0,0.2,0.7390146282867841
1934,10.0,3.0,0.3,0.7392360836155741
1935,10.0,3.0,0.4,0.7360676490647391
1936,10.0,3.0,0.5,0.719635432168196
1937,10.0,3.0,0.6,0.7177302568247956
1938,10.0,3.0,0.7,0.7241034286946331
1939,10.0,3.0,0.8,0.6929671288296022
1940,10.0,3.0,0.82,0.683628658308548
1941,10.0,3.0,0.84,0.7036417550242322
1942,10.0,3.0,0.86,0.7034930166720941
1943,10.0,3.0,0.88,0.7163980683382836
1944,10.0,3.0,0.9,0.6839479387031622
1945,10.0,3.0,0.92,0.6780314740162777
1946,10.0,3.0,0.94,0.6321294382364469
1947,10.0,3.0,0.96,0.6501062639576393
1948,10.0,3.0,0.98,0.6872509000331251
1949,10.0,3.0,0.99,0.6621493361709739
1950,10.0,3.0,0.999,0.7078879950232629
1951,10.0,3.0,0.9999,0.69582255640689
1952,10.0,3.0,1.0,0.7006682423098461
1953,10.0,4.0,0.1,0.6707040011157263
1954,10.0,4.0,0.2,0.6796856407352352
1955,10.0,4.0,0.3,0.6752182341468129
1956,10.0,4.0,0.4,0.672611769548242
1957,10.0,4.0,0.5,0.6553541235738294
1958,10.0,4.0,0.6,0.6538646043509778
1959,10.0,4.0,0.7,0.6555373548929633
1960,10.0,4.0,0.8,0.638790285107258
1961,10.0,4.0,0.82,0.6564750147959313
1962,10.0,4.0,0.84,0.6416302803170111
1963,10.0,4.0,0.86,0.64636349515723
1964,10.0,4.0,0.88,0.6377793109109076
1965,10.0,4.0,0.9,0.6135453829696595
1966,10.0,4.0,0.92,0.6103636698212508
1967,10.0,4.0,0.94,0.6230082502782472
1968,10.0,4.0,0.96,0.6428028818472257
1969,10.0,4.0,0.98,0.6219075219415079
1970,10.0,4.0,0.99,0.6353566139528827
1971,10.0,4.0,0.999,0.654267528783806
1972,10.0,4.0,0.9999,0.6463443056971268
1973,10.0,4.0,1.0,0.6454840295818174
1974,10.0,5.0,0.1,0.5487547023999755
1975,10.0,5.0,0.2,0.5313109908581654
1976,10.0,5.0,0.3,0.5456610303916885
1977,10.0,5.0,0.4,0.5172673531609363
1978,10.0,5.0,0.5,0.5306622632236484
1979,10.0,5.0,0.6,0.5217729063827405
1980,10.0,5.0,0.7,0.5111357785294434
1981,10.0,5.0,0.8,0.49936341130300116
1982,10.0,5.0,0.82,0.506739684172741
1983,10.0,5.0,0.84,0.5081261133336782
1984,10.0,5.0,0.86,0.4735479193429001
1985,10.0,5.0,0.88,0.5071624750602642
1986,10.0,5.0,0.9,0.4851731607741897
1987,10.0,5.0,0.92,0.5062849691693462
1988,10.0,5.0,0.94,0.4754123129295229
1989,10.0,5.0,0.96,0.4521652806877949
1990,10.0,5.0,0.98,0.4801246475226814
1991,10.0,5.0,0.99,0.46412382968144733
1992,10.0,5.0,0.999,0.5291522804611446
1993,10.0,5.0,0.9999,0.5078916543277435
1994,10.0,5.0,1.0,0.5255686103016717
1995,10.0,6.0,0.1,0.5003315631269709
1996,10.0,6.0,0.2,0.476682131031694
1997,10.0,6.0,0.3,0.5232792706690723
1998,10.0,6.0,0.4,0.49773944481485166
1999,10.0,6.0,0.5,0.47860378744748217
2000,10.0,6.0,0.6,0.48538677773121397
2001,10.0,6.0,0.7,0.45545952391037753
2002,10.0,6.0,0.8,0.446700043654729
2003,10.0,6.0,0.82,0.4445147726876518
2004,10.0,6.0,0.84,0.4299493748659608
2005,10.0,6.0,0.86,0.4363303341958024
2006,10.0,6.0,0.88,0.4438118418091641
2007,10.0,6.0,0.9,0.4513030215428212
2008,10.0,6.0,0.92,0.4331807888107337
2009,10.0,6.0,0.94,0.4443900994433089
2010,10.0,6.0,0.96,0.43399309251053075
2011,10.0,6.0,0.98,0.4578236244556781
2012,10.0,6.0,0.99,0.44687095094481377
2013,10.0,6.0,0.999,0.45548556328528594
2014,10.0,6.0,0.9999,0.45254961127267324
2015,10.0,6.0,1.0,0.4765828029896599
2016,10.0,7.0,0.1,0.5127695853249483
2017,10.0,7.0,0.2,0.526909159157287
2018,10.0,7.0,0.3,0.49210526047503184
2019,10.0,7.0,0.4,0.5199969208653508
2020,10.0,7.0,0.5,0.5006585490523797
2021,10.0,7.0,0.6,0.5019489519711333
2022,10.0,7.0,0.7,0.4927044107677916
2023,10.0,7.0,0.8,0.47140673733933475
2024,10.0,7.0,0.82,0.47151538115077835
2025,10.0,7.0,0.84,0.48221358259690544
2026,10.0,7.0,0.86,0.48592637342259654
2027,10.0,7.0,0.88,0.4573704976678222
2028,10.0,7.0,0.9,0.46802676591453185
2029,10.0,7.0,0.92,0.46591860063777835
2030,10.0,7.0,0.94,0.46170186601439234
2031,10.0,7.0,0.96,0.44739020990435496
2032,10.0,7.0,0.98,0.49726391327518554
2033,10.0,7.0,0.99,0.46206402948183795
2034,10.0,7.0,0.999,0.4472496342173729
2035,10.0,7.0,0.9999,0.4555690295093491
2036,10.0,7.0,1.0,0.46398327259804917
2037,10.0,8.0,0.1,0.4546848708888854
2038,10.0,8.0,0.2,0.4290441266251381
2039,10.0,8.0,0.3,0.43008198356938077
2040,10.0,8.0,0.4,0.4170401498019087
2041,10.0,8.0,0.5,0.37888546594601924
2042,10.0,8.0,0.6,0.39762213122887186
2043,10.0,8.0,0.7,0.4098625947109417
2044,10.0,8.0,0.8,0.37629666943992185
2045,10.0,8.0,0.82,0.37884198838384603
2046,10.0,8.0,0.84,0.3650579680673475
2047,10.0,8.0,0.86,0.3735006779949888
2048,10.0,8.0,0.88,0.387067457534471
2049,10.0,8.0,0.9,0.3580965137130216
2050,10.0,8.0,0.92,0.38380840507741215
2051,10.0,8.0,0.94,0.36961875011374756
2052,10.0,8.0,0.96,0.34564579598355244
2053,10.0,8.0,0.98,0.39888374084105716
2054,10.0,8.0,0.99,0.3914986581370005
2055,10.0,8.0,0.999,0.39538286285814234
2056,10.0,8.0,0.9999,0.38202964005627765
2057,10.0,8.0,1.0,0.3786625644903989
2058,10.0,9.0,0.1,0.3785857246223482
2059,10.0,9.0,0.2,0.3880855832369231
2060,10.0,9.0,0.3,0.37213421972441857
2061,10.0,9.0,0.4,0.3559149582461911
2062,10.0,9.0,0.5,0.35867905252955234
2063,10.0,9.0,0.6,0.3513987209117066
2064,10.0,9.0,0.7,0.34473344637429043
2065,10.0,9.0,0.8,0.3279569515703964
2066,10.0,9.0,0.82,0.35063388618338065
2067,10.0,9.0,0.84,0.3053094603174692
2068,10.0,9.0,0.86,0.3177191449317246
2069,10.0,9.0,0.88,0.2991233539496574
2070,10.0,9.0,0.9,0.3461264872806209
2071,10.0,9.0,0.92,0.31700207136526604
2072,10.0,9.0,0.94,0.31295127190216226
2073,10.0,9.0,0.96,0.32426111352131964
2074,10.0,9.0,0.98,0.3355722455980125
2075,10.0,9.0,0.99,0.33529851728949156
2076,10.0,9.0,0.999,0.3508588314784861
2077,10.0,9.0,0.9999,0.3501741418524406
2078,10.0,9.0,1.0,0.3516885153109593
2079,10.0,10.0,0.1,0.3428021580353512
2080,10.0,10.0,0.2,0.33828993407509955
2081,10.0,10.0,0.3,0.3407849128163852
2082,10.0,10.0,0.4,0.34451409602857114
2083,10.0,10.0,0.5,0.3304621453499587
2084,10.0,10.0,0.6,0.32390124155220335
2085,10.0,10.0,0.7,0.33376831277947017
2086,10.0,10.0,0.8,0.329585512077045
2087,10.0,10.0,0.82,0.3024767705985722
2088,10.0,10.0,0.84,0.3150263963578327
2089,10.0,10.0,0.86,0.3122003545711356
2090,10.0,10.0,0.88,0.3112377402980371
2091,10.0,10.0,0.9,0.33743342097148216
2092,10.0,10.0,0.92,0.3133321631975623
2093,10.0,10.0,0.94,0.2852178645653374
2094,10.0,10.0,0.96,0.3105063139883282
2095,10.0,10.0,0.98,0.32164768799523136
2096,10.0,10.0,0.99,0.32257157667012437
2097,10.0,10.0,0.999,0.31046294573867317
2098,10.0,10.0,0.9999,0.3246957033711032
2099,10.0,10.0,1.0,0.32883132698988504
